Date of Auction,Auction List No.,Lot No.,Description,Quantity,Unit
9/7/2020,C-3/2020,C-401,"Mobile Phone (Brand: Samsung, Model: GT-N7100, IMEI: 353627051972407), White Colour, with a Battery (Used)",1,No.
9/7/2020,C-3/2020,C-401,"Mobile Phone (Brand: MEIZU, Model: m3 note, IMEI: 869921021924862), White Colour (Used)",1,No.
9/7/2020,C-3/2020,C-401,"Mobile Phone (Brand: Samsung, Model: GT-I9300, IMEI: 351941062714621), Blue Colour (Used)",1,No.
9/7/2020,C-3/2020,C-401,Battery for Samsung #GT-I9003 (Brand: Samsung) (Used),1,No.
9/7/2020,C-3/2020,C-401,"Mobile Phone (Brand: MI, Model: MEE7, IMEI: 866764032340576), Black Colour, with a Case Cover (Used)",1,No.
9/7/2020,C-3/2020,C-401,"Mobile Phone (Brand: Apple, Model: A1524, IMEI: 355392071734398), Silver Colour, with a Case Cover (Used)",1,No.
9/7/2020,C-3/2020,C-402,Jeans (Brand: Emporio Armani),10,Nos.
9/7/2020,C-3/2020,C-402,T-shirt (Brand: Emporio Armani),8,Nos.
9/7/2020,C-3/2020,C-403,"Used Private Car ""TOYOTA"" without Key
Reg. No.: LF6218
Chassis No.: JTDBT22E703398729",1,No.
9/7/2020,C-3/2020,C-404,"Used Private Car ""TOYOTA"" without Key
Reg. No.: AV307
Chassis No.: MNH10-0093818",1,No.
9/7/2020,C-3/2020,C-405,"Used Private Car ""TOYOTA"" without Key
Reg. No.: LN9373
Chassis No.: MNH10-0113771",1,No.
9/7/2020,C-3/2020,C-406,"Used Private Car ""HONDA"" without Key
Reg. No.: RC8667
Chassis No.: JHMGD18703S207352",1,No.
9/7/2020,C-3/2020,C-407,"Used Private Car ""TOYOTA"" without Key
Reg. No.: TX5965
Chassis No.: JTEGS21H108005195",1,No.
9/7/2020,C-3/2020,C-408,"Shock Absorber (Brand: BILSTEIN, Model: VNE-D501)",10,Nos.
9/7/2020,C-3/2020,C-408,"Shock Absorber (Brand: BOGE automatic, Model: 36-C81-A)",70,Nos.
9/7/2020,C-3/2020,C-408,"Shock Absorber (Brand: BOGE automatic, Model: 36-C98-A)",80,Nos.
9/7/2020,C-3/2020,C-408,"Shock Absorber (Brand: BOGE automatic, Model: 36-E49-0)",6,Nos.
9/7/2020,C-3/2020,C-408,"Shock Absorber (Brand: BMW, Model: 10541310003551)",4,Nos.
9/7/2020,C-3/2020,C-408,"Shock Absorber (Brand: MERCEDES-BENZ, Model: A1643206113)",4,Nos.
9/7/2020,C-3/2020,C-408,"Shock Absorber (Brand: BOGE automatic, Model: 32-D83-A)",10,Nos.
9/7/2020,C-3/2020,C-408,"Shock Absorber (Brand: BOGE automatic, Model: 32-H58-A)",10,Nos.
9/7/2020,C-3/2020,C-408,"Shock Absorber (Brand: BOGE automatic, Model: 32-H59-A)",10,Nos.
9/7/2020,C-3/2020,C-408,"Shock Absorber (Brand: BOGE automatic, Model: 32-K24-A)",6,Nos.
9/7/2020,C-3/2020,C-408,"Shock Absorber (Brand: BOGE automatic, Model: 33-056-A)",10,Nos.
9/7/2020,C-3/2020,C-408,"Shock Absorber (Brand: BOGE automatic, Model: 36-A60-A)",20,Nos.
9/7/2020,C-3/2020,C-408,"Shock Absorber (Brand: BOGE automatic, Model: 36-C99-A)",80,Nos.
9/7/2020,C-3/2020,C-408,"Shock Absorber (Brand: BOGE automatic, Model: 36-D87-A)",18,Nos.
9/7/2020,C-3/2020,C-408,"Shock Absorber (Brand: BOGE automatic, Model: 36-D88-A)",6,Nos.
9/7/2020,C-3/2020,C-408,"Shock Absorber (Brand: BILSTEIN, Model: VNE-D500)",10,Nos.
9/7/2020,C-3/2020,C-408,"Shock Absorber (Brand: BOGE automatic, Model: 32-L36-A)",22,Nos.
9/7/2020,C-3/2020,C-408,"Shock Absorber (Brand: BMW, Model: 10541310003552)",1,No.
9/7/2020,C-3/2020,C-408,"Shock Absorber (Brand: BMW, Model: 10541310007217)",1,No.
9/7/2020,C-3/2020,C-408,"Shock Absorber (Brand: BMW, Model: 10541310007218)",1,No.
9/7/2020,C-3/2020,C-408,"Shock Absorber (Brand: BMW, Model: 31311091557)",1,No.
9/7/2020,C-3/2020,C-408,"Shock Absorber (Brand: BMW, Model: 3131678301602)",1,No.
9/7/2020,C-3/2020,C-408,"Shock Absorber (Brand: BMW, Model: 3131678552701)",1,No.
9/7/2020,C-3/2020,C-408,"Shock Absorber (Brand: BOGE automatic, Model: 36-C82-A)",120,Nos.
9/7/2020,C-3/2020,C-408,"Shock Absorber (Brand: BILSTEIN, Model: BE5-2652)",80,Nos.
9/7/2020,C-3/2020,C-408,"Auto Shock Absorber (Brand: BMW, Model: 31321092283)",2,Nos.
9/7/2020,C-3/2020,C-408,"Control Arm (Brand: BMW, Model: 31126794204)",2,Nos.
9/7/2020,C-3/2020,C-408,"Control Arm (Brand: BMW, Model: 31126798107)",3,Nos.
9/7/2020,C-3/2020,C-408,"Control Arm (Brand: BMW, Model: 31126798108)",2,Nos.
9/7/2020,C-3/2020,C-408,"Drive Shaft Assy Front (Brand: BMW, Model: 8605866)",4,Nos.
9/7/2020,C-3/2020,C-408,"Hydropneumatic Spring Leg (Brand: MERCEDES-BENZ, Model: A220320)",1,No.
9/7/2020,C-3/2020,C-408,"Control Arm (Brand: Lemforder, Model: 2594102)",1,No.
9/7/2020,C-3/2020,C-408,"Control Arm (Brand: Lemforder, Model: 2594201)",1,No.
9/7/2020,C-3/2020,C-408,"Control Arm (Brand: Lemforder, Model: 2719202)",5,Nos.
9/7/2020,C-3/2020,C-408,"Control Arm (Brand: Lemforder, Model: 2719302)",5,Nos.
9/7/2020,C-3/2020,C-408,"Control Arm (Brand: Lemforder, Model: 3033801)",2,Nos.
9/7/2020,C-3/2020,C-408,"Control Arm (Brand: Lemforder, Model: 3034001)",1,No.
9/7/2020,C-3/2020,C-408,"Control Arm (Brand: Lemforder, Model: 3455501)",2,Nos.
9/7/2020,C-3/2020,C-408,"Suspension Control Arm (Brand: Lemforder, Model: 1787501)",6,Nos.
9/7/2020,C-3/2020,C-408,"Suspension Control Arm (Brand: Lemforder, Model: 1791901)",6,Nos.
9/7/2020,C-3/2020,C-408,"Steering Gear (Brand: ZF Lenksysteme, Model: 7853501)",3,Nos.
9/7/2020,C-3/2020,C-408,Vehicle Parts (S/N:7418091948DJ81610042),1,No.
9/7/2020,C-3/2020,C-408,Vehicle Parts (S/N:7418091948DJ81410219),1,No.
9/7/2020,C-3/2020,C-408,Carton Box (Used to contain items 42-43),1,No.
9/7/2020,C-3/2020,C-408,Vehicle Parts (S/N: 7418091948DJ81410004),1,No.
9/7/2020,C-3/2020,C-408,Recycling Bag (Used to contain item 45),1,No.
9/7/2020,C-3/2020,C-408,Vehicle Parts (S/N: 7418091948DJ81780260),1,No.
9/7/2020,C-3/2020,C-408,Paper Bag (Used to contain item 47),1,No.
9/7/2020,C-3/2020,C-408,Packing Materials,1,Bun.
9/7/2020,C-3/2020,C-409,"GPS Machine, Marked with ""ESP Marine Electronic Equipment"", S/N: E00891270), Grey Colour (Used)",1,No.
9/7/2020,C-3/2020,C-409,"Mobile Phone (Brand: Apple, Model: A2104, IMEI: 357323096422691), Golden Colour, with a Box (Used)",1,No.
9/7/2020,C-3/2020,C-410,SONY PS4 Wireless Controller with Box,1,Set
9/7/2020,C-3/2020,C-410,"Wii U Console with GamePad, AC Adapter, GamePad AC Adapter, High Speed HDMI Cable, Sensor Bar, GamePad Cradle, GamePad Stand and Console Stand",1,Set
9/7/2020,C-3/2020,C-410,SONY PS4 Game Box with Game Disc and Three Books,2,Sets
9/7/2020,C-3/2020,C-410,"PSVITA Game Box with Eight Game Discs, Two Game Cards and Seven Books",1,Set
9/7/2020,C-3/2020,C-410,"SONY PS4 Console with Wireless Controller, HDMI Cable, AC Power Cord, Mono Headset, USB Cable and Printed Materials",1,Set
9/7/2020,C-3/2020,C-410,Nintendo Switch Taiko Drum Set,1,No.
9/7/2020,C-3/2020,C-410,Battle Pad Mario for Nintendo Switch,1,No.
9/7/2020,C-3/2020,C-410,Case for Nintendo Switch,2,Nos.
9/7/2020,C-3/2020,C-410,SNK Console (NEOGEO Mini) with Powder Cord,1,Set
9/7/2020,C-3/2020,C-410,"PowerCore 20100 Nintendo Switch Edition With Travel Pouch, Cable and Welcome Guide",1,Set
9/7/2020,C-3/2020,C-410,XBOXONE Game Disc with Box,12,Sets
9/7/2020,C-3/2020,C-410,Game Souvenir,40,Nos.
9/7/2020,C-3/2020,C-410,Game Leaflet,1,Bundle
9/7/2020,C-3/2020,C-410,Nintendo Switch Game Card,314,Nos.
9/7/2020,C-3/2020,C-410,SONY PS4 Game Disc,393,Nos.
9/7/2020,C-3/2020,C-410,Game Cover,9,Bundles
9/7/2020,C-3/2020,C-410,Video Game Disc (PS4),37,Nos.
9/7/2020,C-3/2020,C-410,Video Game Disc (XBOXONE),12,Nos.
9/7/2020,C-3/2020,C-410,Video Game Card (NINTENDO SWITCH),32,Nos.
9/7/2020,C-3/2020,C-411,Integrated Circuit (Said to be the total sum of 18 packs contain 98800 nos.),1,Carton
9/7/2020,C-3/2020,C-411,"Lens (Brand: Canon, Model: EF 17-40mm f/4.0L USM)",34,Nos.
9/7/2020,C-3/2020,C-411,"Lens (Brand: Nikon, Model: AF-S Nikkor 85mm f/1.8G)",30,Nos.
9/7/2020,C-3/2020,C-411,Samsung WB150F,139,Nos.
9/7/2020,C-3/2020,C-411,"Camera (Brand: Canon, Model: Ixus 240HS)",1,No.
9/7/2020,C-3/2020,C-411,"Digital Video Cam (Brand: SONY, Model: HDR-PJ380)",199,Nos.
9/7/2020,C-3/2020,C-411,"Camera (Brand: Canon, Model: PowerShot SX240 HS)",429,Nos.
9/7/2020,C-3/2020,C-411,SUPERPIX IC (Said to be contain 7000 nos.),59,Packs
9/7/2020,C-3/2020,C-411,Carton box(Used to pack item 8),2,Cartons
9/7/2020,C-3/2020,C-411,"Digital Camera Body (Brand: SONY, Model: NEX-5R)",13,Nos.
9/7/2020,C-3/2020,C-411,"Digital Camera Body (Brand: SONY, Model: NEX-6)",49,Nos.
9/7/2020,C-3/2020,C-411,"Camera (Brand: Canon, Model: PowerShot G15)",78,Nos.
9/7/2020,C-3/2020,C-411,"Lens (Brand: Canon, Model: EF-S 18-200mm f/3.5-5.6 IS)",50,Nos.
9/7/2020,C-3/2020,C-411,"Camera (Brand: Canon, Model: Ixy 610F)",300,Nos.
9/7/2020,C-3/2020,C-411,"Lens (Brand: SONY, Model: E 55-210mm F4.5-6.3 OSS)",12,Nos.
9/7/2020,C-3/2020,C-411,"Lens (Brand: SONY, Model: E PZ 16-50mm F3.5-5.6 OSS)",62,Nos.
9/7/2020,C-3/2020,C-411,"DSLR Body (Brand: Canon, Model: EOS 60D)",50,Nos.
9/7/2020,C-3/2020,C-411,"Lens (Brand: SONY, Model: E 18-55mm F3.5-5.6 OSS)",16,Nos.
9/7/2020,C-3/2020,C-411,"Digital Camera Body (Brand: SONY, Model: NEX-7)",15,Nos.
9/7/2020,C-3/2020,C-412,Bar Fridge,108,Nos.
9/7/2020,UP-3/2020,UP-701,Window Type Air-conditioner (Brand: Hitachi) (Dismantled),1,No.
9/7/2020,UP-3/2020,UP-702,Refrigerator (Brand: Summp) (Dismantled),1,No.
9/7/2020,UP-3/2020,UP-703,Television (Type: LED) (Flat-panel Display) (Brand: Prima) ,1,No.
9/7/2020,UP-3/2020,UP-704,Rice Cooker (Brand: Rasonic),1,No.
9/7/2020,UP-3/2020,UP-704,Rice Cooker (Brand: Matsusho),1,No.
9/7/2020,UP-3/2020,UP-704,Electric Fan (Type: Table) (Brand: JHE) ,1,No.
9/7/2020,UP-3/2020,UP-704,Telephone (Brand: Panasonic),1,No.
9/7/2020,UP-3/2020,UP-704,Rice Cooker (Brand: Homey),1,No.
9/7/2020,UP-3/2020,UP-705,Air-conditioner (Brand: Panasonic) (Dismantled),1,No.
9/7/2020,UP-3/2020,UP-705,Air-conditioner (Brand: Philco) (Dismantled),1,No.
9/7/2020,UP-3/2020,UP-706,Trolley (Brand: Sellery),1,No.
9/7/2020,UP-3/2020,UP-707,"Refrigerator (Brand: National, Model: NR-B17AC) (Dismantled)",1,No.
9/7/2020,UP-3/2020,UP-708,"Television (Type: Cathode-ray Tube) (Brand: Hitachi, Model: Unknown) ",1,No.
9/7/2020,UP-3/2020,UP-709,Refrigerator (Double-door) (Brand: Fortress) (Dismantled),1,No.
9/7/2020,UP-3/2020,UP-710,Electric Water Heater (Brand: German Pool) (Dismantled),1,No.
9/7/2020,UP-3/2020,UP-711,Computer Monitor (Type: LCD) (Flat-panel Display) (Brand: Rasonic),1,No.
9/7/2020,UP-3/2020,UP-712,Fan (Type: Table) (Brand: KDK) ,1,No.
9/7/2020,UP-3/2020,UP-712,Heater (Brand: Philips),1,No.
9/7/2020,UP-3/2020,UP-712,Rice Cooker (Brand: Rasonic),1,No.
9/7/2020,UP-3/2020,UP-712,Range Hood (Brand: Kuzzo Germany) (Dismantled),1,No.
9/7/2020,UP-3/2020,UP-712,Cooking Stove (Brand: Simpa) (Dismantled),1,No.
9/7/2020,UP-3/2020,UP-712,Rice Cooker (Brand: National),1,No.
9/7/2020,UP-3/2020,UP-712,Fan (Type: Table) (Brand: Kelvinator USA) ,1,No.
9/7/2020,UP-3/2020,UP-712,Exhaust Fan (Brand: Imasu Japan Design) (Dismantled),1,No.
9/7/2020,UP-3/2020,UP-712,"Hair Dryer (Brand: National, Model: EH5141)",1,No.
9/7/2020,UP-3/2020,UP-712,"Vacuum Cleaner (Brand: Midea, Model: PVC-863) ",1,No.
9/7/2020,UP-3/2020,UP-712,Electric Water Heater (Brand: Giggas Germany) (Dismantled),1,No.
9/7/2020,UP-3/2020,UP-712,"Dehumidifier (Brand: Hitachi, Model: RD-1700E) ",1,No.
9/7/2020,UP-3/2020,UP-712,Camcorder (Brand: JVC),1,No.
9/7/2020,UP-3/2020,UP-712,Camera (Brand: Canon),1,No.
9/7/2020,UP-3/2020,UP-712,"Iron (Brand: Windmere USA, Model: WA-S82) (Dismantled)",1,No.
9/7/2020,UP-3/2020,UP-713,Refrigerator (Brand: Fortress) (Dismantled),1,No.
9/7/2020,UP-3/2020,UP-714,Television (Type: LED) (Flat-panel Display) (Brand: LG) ,1,No.
9/7/2020,UP-3/2020,UP-715,Window Type Air-conditioner (Brand: Fortress) (Dismantled),1,No.
9/7/2020,UP-3/2020,UP-716,Electric Cooker (Brand: Fortress) ,1,No.
9/7/2020,UP-3/2020,UP-716,Rice Cooker (Brand: Proluxury),1,No.
9/7/2020,UP-3/2020,UP-716,Electric Water Heater (Brand: Hotpool) (Dismantled),1,No.
9/7/2020,UP-3/2020,UP-717,Refrigerator (Brand: Hitachi) (Dismantled),1,No.
9/7/2020,UP-3/2020,UP-717,Refrigerator (Brand: Mitsubishi) (Dismantled),1,No.
9/7/2020,UP-3/2020,UP-718,Television (Type: LCD) (Flat-panel Display) (Brand: Samsung) ,1,No.
9/7/2020,UP-3/2020,UP-719,Air-conditioner (Dismantled),1,No.
9/7/2020,UP-3/2020,UP-720,Washing Machine (Brand: Samsung) (Dismantled) ,1,No.
9/7/2020,UP-3/2020,UP-721,Fan (Type: Standing) ,1,No.
9/7/2020,UP-3/2020,UP-721,Exhaust Fan (Dismantled),1,No.
9/7/2020,UP-3/2020,UP-721,Water Heater (Brand: German Pool) (Dismantled),1,No.
9/7/2020,UP-3/2020,UP-721,Fan (Type: Wall-mounted) (Dismantled),1,No.
9/7/2020,UP-3/2020,UP-721,Fan (Type: Wall-mounted) (Brand: Panasonic) (Dismantled),1,No.
9/7/2020,UP-3/2020,UP-722,Exhaust Fan (Dismantled),1,No.
9/7/2020,UP-3/2020,UP-722,Water Heater (Dismantled),1,No.
9/7/2020,UP-3/2020,UP-722,Ceiling Fan (Dismantled),1,No.
9/7/2020,UP-3/2020,UP-723,Air-conditioner (Dismantled),2,Nos.
9/7/2020,UP-3/2020,UP-724,Refrigerator (Brand: Mitsubishi Electric) (Dismantled),1,No.
9/7/2020,UP-3/2020,UP-725,Washing Machine (Brand: Sanyo) (Dismantled) ,1,No.
9/7/2020,UP-3/2020,UP-726,Water Heater (Brand: Hibachi) (Dismantled),1,No.
9/7/2020,UP-3/2020,UP-726,"Range Hood (Brand: Triumphal, Model: HY-2880) (Dismantled)",1,No.
9/7/2020,UP-3/2020,UP-726,"Induction Cooker (Brand: Hibachi, Model: HY-2800CD) ",1,No.
9/7/2020,UP-3/2020,UP-726,Microwave Oven (Brand: Midea),1,No.
9/7/2020,UP-3/2020,UP-726,Rice Cooker ,1,No.
9/7/2020,UP-3/2020,UP-726,Induction Cooker (Brand: Electrolux) ,1,No.
9/7/2020,UP-3/2020,UP-726,Air Cleaner (Brand: Panasonic) ,1,No.
9/7/2020,UP-3/2020,UP-726,DVD Player (Brand: Teledevice),1,No.
9/7/2020,UP-3/2020,UP-727,Air-conditioner (Brand: »´¤«?) (Dismantled),1,No.
9/7/2020,UP-3/2020,UP-728,Washing Machine (Brand: Fujibo) (Dismantled) ,1,No.
9/7/2020,UP-3/2020,UP-729,"Electric Water Heater (Brand: Meyake, Model: MWH-15) (Dismantled)",1,No.
9/7/2020,UP-3/2020,UP-730,Refrigerator (Brand: Hitachi) (Dismantled),1,No.
9/7/2020,UP-3/2020,UP-731,Window Type Air-conditioner (Brand: General) (Dismantled),1,No.
9/7/2020,UP-3/2020,UP-732,Shoe Cabinet ,1,No.
9/7/2020,UP-3/2020,UP-732,Single Burner Hotplate (Brand: Simpa) (Dismantled),1,No.
9/7/2020,UP-3/2020,UP-732,Electric Water Heater (Brand: Simpa) (Dismantled),1,No.
9/7/2020,UP-3/2020,UP-733,Refrigerator (Brand: Samsung) (Dismantled),1,No.
9/7/2020,UP-3/2020,UP-734,"Air-conditioner (Brand: Gree, Model: G1107S) (Dismantled)",1,No.
9/7/2020,UP-3/2020,UP-735,Monitor (Type: LCD) (Flat-panel Display) with Remote Control (Brand: LG),1,No.
9/7/2020,UP-3/2020,UP-736,Electric Oven (Brand: Samsung),1,No.
9/7/2020,UP-3/2020,UP-736,Induction Cooker (Brand: Kanazawa) ,1,No.
9/7/2020,UP-3/2020,UP-736,"Electric Water Heater (Brand: Fujiking,  Model: FJ-6.5HLI) (Dismantled)",1,No.
9/7/2020,UP-3/2020,UP-736,Electric Kettle (Brand: Philips),1,No.
9/7/2020,UP-3/2020,UP-736,"Toaster (Brand: Innoware, Model: SMK650)",1,No.
9/7/2020,UP-3/2020,UP-736,"Face Slimming Machine (Brand: SPT, Model: A54-K100C11)",1,No.
9/7/2020,UP-3/2020,UP-737,Refrigerator (Brand: Gala) (Dismantled),1,No.
9/7/2020,UP-3/2020,UP-738,Television (Type: LCD) (Flat-panel Display) (Brand: Panasonic),1,No.
9/7/2020,UP-3/2020,UP-739,Window Type Air-conditioner (Brand: Ryobishi) (Dismantled),1,No.
9/7/2020,UP-3/2020,UP-740,Water Heater (Brand: Berlin) (Dismantled),1,No.
9/7/2020,UP-3/2020,UP-740,Rice Cooker (Brand: Panasonic),1,No.
9/7/2020,UP-3/2020,UP-740,Heater (Brand: Delonghi) ,1,No.
9/7/2020,UP-3/2020,UP-740,"DVD Player (Brand: Super, Model: DIVX-101)",1,No.
9/7/2020,UP-3/2020,UP-740,Warm Lamp (Brand: Heler) ,1,No.
9/7/2020,UP-3/2020,UP-741,Refrigerator (Brand: Mitsubishi) (Dismantled),1,No.
9/7/2020,UP-3/2020,UP-742,Wheelchair (Manual),1,No.
9/7/2020,UP-3/2020,UP-742,Wheelchair (Electrical),1,No.
9/7/2020,UP-3/2020,UP-743,Bicycle,50,Nos.
9/7/2020,UP-3/2020,UP-744,Window Type Air-conditioner (Brand: Hitachi) (Dismantled),1,No.
9/7/2020,UP-3/2020,UP-745,Refrigerator (Brand: Mitsubishi) (Dismantled),1,No.
9/7/2020,UP-3/2020,UP-746,Electric Water Heater (Brand: Zanussi) (Dismantled),1,No.
9/7/2020,UP-3/2020,UP-746,Cooking Stove (Brand: Midea) (Dismantled),1,No.
9/7/2020,UP-3/2020,UP-746,Fan (Type: Table) (Brand: Midea) ,1,No.
9/7/2020,UP-3/2020,UP-746,Fan (Type: Table) (Brand: JHE) ,1,No.
9/7/2020,UP-3/2020,UP-746,Electric Heater (Brand: Turbo Haly),1,No.
9/7/2020,UP-3/2020,UP-746,Electric Kettle (Brand: Sanyo) ,1,No.
9/7/2020,UP-3/2020,UP-746,DVD Player (Brand: Biaicom),1,No.
9/7/2020,UP-3/2020,UP-747,"Refrigerator (Brand: Sharp, Model: SJ-168-S) (Dismantled)",1,No.
9/7/2020,UP-3/2020,UP-747,"Refrigerator (Brand: Toshiba, Model: GR-Y17HG1(SX)) (Dismantled)",1,No.
9/7/2020,UP-3/2020,UP-748,Washing Machine (Brand: Whirlpool) (Dismantled) ,1,No.
9/7/2020,UP-3/2020,UP-749,"Television (Type: LCD) (Flat-panel Display) (Brand: Rasonic, Model: RLT-Q32IGC) ",1,No.
9/7/2020,UP-3/2020,UP-750,"Microwave Oven (Brand: Whirlpool, Model: MM250)",1,No.
9/7/2020,UP-3/2020,UP-750,"Rice Cooker (Brand: Mei Shi Wang, Model: CFXB30-A/B)",1,No.
9/7/2020,UP-3/2020,UP-750,"Rice Cooker (Brand: Royal Doulton, Model: RC500)",1,No.
9/7/2020,UP-3/2020,UP-750,"Fan (Type: Standing) (Brand: Yamagata, Model: YFT2012ET)",1,No.
9/7/2020,UP-3/2020,UP-750,"Fan (Type: Table) (Brand: Mitsumaru, Model: PS-1415) ",1,No.
9/7/2020,UP-3/2020,UP-750,"Fan (Type: Table) (Brand: Honeywell, Model: HT900E) ",1,No.
9/7/2020,UP-3/2020,UP-750,"Electric Stewing and Soup Pot (Brand: Palace, Model: WF328) ",1,No.
9/7/2020,UP-3/2020,UP-750,"Electric Thermo Pot (Brand: Imarflex, Model: IAP-33AU)",1,No.
9/7/2020,UP-3/2020,UP-750,"Vacuum Cleaner (Brand: National, Model: MC-3900) ",1,No.
9/7/2020,UP-3/2020,UP-750,Induction Cooker (Brand: CHE) ,1,No.
9/7/2020,UP-3/2020,UP-750,"Multimedia Player (Brand: Samsung, Model: DVD-F1080) ",1,No.
9/7/2020,UP-3/2020,UP-750,"Multimedia Player (Brand: Sony, Model: BDP-S370) ",1,No.
9/7/2020,UP-3/2020,UP-751,Split-type Air-conditioner (Brand: Zanussi) (Dismantled),1,No.
9/7/2020,UP-3/2020,UP-751,Mobile Evaporative Cooler (Brand: Innotec) (Dismantled) ,1,No.
9/7/2020,UP-3/2020,UP-751,Window Type Air-conditioner (Dismantled),1,No.
9/7/2020,UP-3/2020,UP-751,Air Cooler (Brand: Noble) ,1,No.
9/7/2020,UP-3/2020,UP-752,Television (Type: Cathode-ray Tube) (Brand: Panasonic) ,1,No.
9/7/2020,UP-3/2020,UP-753,Television (Type: LCD) (Flat-panel Display) (Brand: Sharp) ,1,No.
9/7/2020,UP-3/2020,UP-754,Monitor (Type: LCD) (Flat-panel Display) (Brand: Benq),1,No.
9/7/2020,UP-3/2020,UP-755,Monitor (Type: Cathode-ray Tube) (Brand: IBM),1,No.
9/7/2020,UP-3/2020,UP-756,Watch (Brand: Casio),1,No.
9/7/2020,UP-3/2020,UP-756,Telephone (Brand: Teledevice),1,No.
9/7/2020,UP-3/2020,UP-756,Heater (Brand: Midea),1,No.
9/7/2020,UP-3/2020,UP-756,Water Heater (Brand: TGC) (Dismantled),1,No.
9/7/2020,UP-3/2020,UP-756,Rice Cooker (Brand: Sunpentown),1,No.
9/7/2020,UP-3/2020,UP-757,Bicycle,100,Nos.
9/7/2020,UP-3/2020,UP-758,"Used Private Car (without Car Key)
Brand : Mitsubishi
Model : CS2ASTHCR1D
Registration Mark : PH8354
Chassis No. : JMYSTCS2A2U001454
Engine No. : 4G15-CC5876",1,No. 
9/7/2020,UP-3/2020,UP-759,"Used Private Car (without Car Key)
Brand: Toyota
Model: VELLFIRE HYBRID
Registration Mark: SA1148
Chassis No.: ATH20-8015361
Engine No.: 2AZ-H892536",1,No. 
9/7/2020,UP-3/2020,UP-760,Portable Television (Type: Cathode-ray Tube) (Brand: Bluegirl) ,1,No.
9/7/2020,UP-3/2020,UP-761,Television (Type: Cathode-ray Tube) (Brand: Panasonic) ,1,No.
9/7/2020,UP-3/2020,UP-762,Washing Machine (Model: AW-S4030B) (Dismantled),1,No.
9/7/2020,UP-3/2020,UP-763,"Fan (Type: Standing) (Brand: »´¤«?, Model: KSF1614) ",1,No.
9/7/2020,UP-3/2020,UP-763,"Electric Water Boiler (Brand: Toshiba, Model: PLK-25FLI)",1,No.
9/7/2020,UP-3/2020,UP-763,Cooker (Brand: SIMPA) (Dismantled),1,No.
9/7/2020,UP-3/2020,UP-763,Water Heater (Brand: Simpa) (Dismantled),1,No.
9/7/2020,UP-3/2020,UP-763,Wooden Table,2,Nos.
9/7/2020,UP-3/2020,UP-763,Wooden Chair,2,Nos.
9/7/2020,UP-3/2020,UP-763,Wall Clock (Brand: Seiko) (Dismantled) ,1,No.
9/7/2020,UP-3/2020,UP-763,"Ventilation Fan (Brand: Sanki, Model: APB20A) (Dismantled)",2,Nos.
9/7/2020,UP-3/2020,UP-764,"CD Player (Brand: Takayama, Model: TF-1032)",1,No.
9/7/2020,UP-3/2020,UP-764,"Rice Cooker (Brand: Elram, Model: CDK-120 A)",1,No.
9/7/2020,UP-3/2020,UP-764,"Telephone (Brand: Panasonic, Model: KX-TS500MX)",1,No.
9/7/2020,UP-3/2020,UP-764,"Handheld Game Console (Brand: Sony Vaio, Model: A1199EMC)",1,No.
9/7/2020,UP-3/2020,UP-764,Induction Cooker ,1,No.
9/7/2020,UP-3/2020,UP-765,"Refrigerator (Brand: National, Model: NR-B22W1H) (Dismantled)",1,No.
9/7/2020,UP-3/2020,UP-766,Fan (Type: Table) (Brand: Midea) ,1,No.
9/7/2020,UP-3/2020,UP-766,Sphygmomanometer (Brand: Medisana) ,1,No.
9/7/2020,UP-3/2020,UP-766,Router (Brand: TP-Link),1,No.
9/7/2020,UP-3/2020,UP-767,"Printer (Brand: Epson, Model: C461B)",1,No.
9/7/2020,UP-3/2020,UP-768,Washing Machine (Brand: Philco) (Dismantled) ,1,No.
9/7/2020,UP-3/2020,UP-769,Washing Machine (Brand: Zanussi) (Dismantled) ,1,No.
9/7/2020,UP-3/2020,UP-770,"Fan (Type: Table) (Brand: J.H.E., Model: FT30-A2T(JH)) ",1,No.
9/7/2020,UP-3/2020,UP-770,"Rice Cooker (Brand: Matsusho, Model: RC-20(MS))",1,No.
9/7/2020,UP-3/2020,UP-770,"Ventilating Fan (Brand: KDK, Model: 15WUC 07) (Dismantled)",1,No.
9/7/2020,UP-3/2020,UP-770,"Telephone (Brand: Teledevice, Model: TCL-369iD(M))",1,No.
9/7/2020,UP-3/2020,UP-771,"Golden Colour Bracelet, Round (The item was found to be composed mainly of gold and copper.) Total weight: 19 gram.",1,No.
9/7/2020,UP-3/2020,UP-771,"Green Colour Stone, Round (The item was found to be composed mainly of sodium, magnesium, aluminum, calcium, silicon and oxygen, a composition similar to that of Fei Cui.) Total weight: 18 gram.",1,No.
9/7/2020,UP-3/2020,UP-771,"Green Colour Stone, Rectangle (The stone component was found to be composed mainly of sodium, magnesium, aluminum, calcium, silicon and oxygen, a composition similar to that of Fei Cui.) Total weight: 3.9 gram.",1,No.
9/7/2020,UP-3/2020,UP-771,"Green Colour Stone, Round (The item was found to be composed mainly of sodium, magnesium, aluminum, calcium, silicon and oxygen, a composition similar to that of Fei Cui.) Total weight: 9.1 gram.",1,No.
9/7/2020,UP-3/2020,UP-771,"Green Colour Stone, Round (The item was found to be composed mainly of sodium, magnesium, aluminum, calcium, silicon and oxygen, a composition similar to that of Fei Cui.) Total weight: 5.0 gram.",1,No.
9/7/2020,UP-3/2020,UP-771,"Green Colour Stone, Round (The item was found to be composed mainly of sodium, lead, silicon and oxygen, a composition similar to that of Fei Cui.) Total weight: 8.5 gram.",1,No.
9/7/2020,UP-3/2020,UP-772,Refrigerator (Brand: Panasonic) (Dismantled),1,No.
9/7/2020,UP-3/2020,UP-773,Rice Cooker (Brand: Philips),1,No.
9/7/2020,UP-3/2020,UP-773,Fan (Type: Standing) (Brand: Midea),1,No.
9/7/2020,UP-3/2020,UP-773,DVD Player (Brand: Teledevice),1,No.
9/7/2020,UP-3/2020,UP-774,DVD Player (Brand: Contex),1,No.
9/7/2020,UP-3/2020,UP-774,Electric Water Heater (Brand: German) (Dismantled),1,No.
9/7/2020,UP-3/2020,UP-774,CD Player (Brand: Coby),1,No.
9/7/2020,UP-3/2020,UP-774,Iron (Brand: Siemens),1,No.
9/7/2020,M-3/2020,M-101,"Air Purifier (Brand: APR, Model: C350)",1,No.
9/7/2020,M-3/2020,M-101,"Cooler Fan (Brand: Innotec, Model: IC-3210/A)",1,No.
9/7/2020,M-3/2020,M-101,"Cool Air Professional Inflator, Electric Ball Pump",2,Nos.
9/7/2020,M-3/2020,M-101,"Calculator (Brand: Casio, Model: DS-20E)",1,No.
9/7/2020,M-3/2020,M-101,"Calculator (Brand: Casio, Model: 120TE)",1,No.
9/7/2020,M-3/2020,M-101,"Loud Speaker (Brand: Bose, Model: Roommate II)",1,No.
9/7/2020,M-3/2020,M-101,Spotlight,3,Nos.
9/7/2020,M-3/2020,M-101,Battery Charger,1,No.
9/7/2020,M-3/2020,M-102,"Fleet No.: F100 (Hydraulic Platform) (with Car Key)
Manufacturer: DENNIS
Model: CARMICHAEL
Engine No.:21146952
Chassis No.: DFD237R4A/1063
with the following Accessories
- Gun Hose Reel (1 No.)
- Aluminum Box for Handheld R/T (2 Nos.) 
- Jack with Handle (1 No.)
- Cover, Plastic, Electric Cable Reel (1 No.)
- Cover, Plastic for Search Light (1 No.)
- Release Handle (1 No.)
- Search Light, Francis (1 No.)
- T-key (1 No.)
- Tripod for Search Light (1 No.)
- Protection Screen (1 No.)
- Spare Wheel c/w Tyre (1 No.)
- Crew Seat (3 Nos.)
- Officer's Spot Light (1 No.)
- Amp/ Siren Unit (1 No.)
- Amber Lens (1 No.)",1,No.
9/7/2020,M-3/2020,M-103,Dewatering Pump 50mm,1,No.
9/7/2020,M-3/2020,M-103,Dewatering Pump 80mm,1,No.
9/7/2020,M-3/2020,M-103,Submersible Pump 40mm,2,Nos.
9/7/2020,M-3/2020,M-104,HP CC530A,7,Nos.
9/7/2020,M-3/2020,M-104,HP CC531A,6,Nos.
9/7/2020,M-3/2020,M-104,HP CC533A,4,Nos.
9/7/2020,M-3/2020,M-104,HP CC532A,4,Nos.
9/7/2020,M-3/2020,M-104,Ricoh Aficio 406353,2,Nos.
9/7/2020,M-3/2020,M-104,Ricoh Aficio 406355,2,Nos.
9/7/2020,M-3/2020,M-104,Ricoh Aficio 406354,2,Nos.
9/7/2020,M-3/2020,M-104,Ricoh Aficio Black C310S,4,Nos.
9/7/2020,M-3/2020,M-104,HP CE250AC,1,No.
9/7/2020,M-3/2020,M-104,HP Q7516A,1,No.
9/7/2020,M-3/2020,M-104,HP Q5949A,4,Nos.
9/7/2020,M-3/2020,M-104,HP Q2612A,1,No.
9/7/2020,M-3/2020,M-104,HP CN049AA,2,Nos.
9/7/2020,M-3/2020,M-104,RICOH 888446,1,No.
9/7/2020,M-3/2020,M-104,Kyocera TK-8509K,2,Nos.
9/7/2020,M-3/2020,M-104,Kyocera TK-8509M,2,Nos.
9/7/2020,M-3/2020,M-104,Kyocera TK-8509Y,1,No.
9/7/2020,M-3/2020,M-104,Kyocera TK-8509C,1,No.
9/7/2020,M-3/2020,M-104,Kyocera TK-8510K,5,Nos.
9/7/2020,M-3/2020,M-104,Kyocera TK-8510M,5,Nos.
9/7/2020,M-3/2020,M-104,Kyocera TK-8510C,6,Nos.
9/7/2020,M-3/2020,M-104,Kyocera TK-8510Y,6,Nos.
9/7/2020,M-3/2020,M-104,HP C9374A,3,Nos.
9/7/2020,M-3/2020,M-104,HP C9403A,2,Nos.
9/7/2020,M-3/2020,M-104,HP C9373A,1,No.
9/7/2020,M-3/2020,M-104,HP C9372A,2,Nos.
9/7/2020,M-3/2020,M-104,HP C9370A,2,Nos.
9/7/2020,M-3/2020,M-104,HP C9371A,1,No.
9/7/2020,M-3/2020,M-104,HP CM992A,2,Nos.
9/7/2020,M-3/2020,M-104,HP CN072A,1,No.
9/7/2020,M-3/2020,M-104,Kyocera TK-8604M,1,No.
9/7/2020,M-3/2020,M-104,Kyocera TK-8604C,2,Nos.
9/7/2020,M-3/2020,M-104,Kyocera TK-8604K,1,No.
9/7/2020,M-3/2020,M-104,Kyocera TK-8604Y,1,No.
9/7/2020,M-3/2020,M-104,HP C1Q13A,1,No.
9/7/2020,M-3/2020,M-104,HP C1Q18A,1,No.
9/7/2020,M-3/2020,M-104,HP C1Q14A,1,No.
9/7/2020,M-3/2020,M-104,HP C1Q16A,1,No.
9/7/2020,M-3/2020,M-104,HP C1Q17A,1,No.
9/7/2020,M-3/2020,M-104,HP C1Q15A,1,No.
9/7/2020,M-3/2020,M-104,Kyocera TK-8509,2,Nos.
9/7/2020,M-3/2020,M-104,Kyocera TK-584K,2,Nos.
9/7/2020,M-3/2020,M-104,Kyocera TK-584Y,2,Nos.
9/7/2020,M-3/2020,M-104,Kyocera TK-584M,1,No.
9/7/2020,M-3/2020,M-104,Kyocera TK-584C,1,No.
9/7/2020,M-3/2020,M-104,Kyocera TK-454K,1,No.
9/7/2020,M-3/2020,M-104,Kyocera WT-860 ,2,Nos.
9/7/2020,M-3/2020,M-104,Kyocera WT-8500,2,Nos.
9/7/2020,M-3/2020,M-104,HP Printhead C9380A,1,No.
9/7/2020,M-3/2020,M-104,HP Printhead B3906A,1,No.
9/7/2020,M-3/2020,M-104,HP Printhead CH645A,1,No.
9/7/2020,M-3/2020,M-104,HP Printhead CH646A,1,No.
9/7/2020,M-3/2020,M-104,HP Printhead CH647A,1,No.
9/7/2020,M-3/2020,M-105,"Harddisk (Brand: HP, Model: 146GB, 2.5"" Pluggable SAS 10K)",5,Nos.
9/7/2020,M-3/2020,M-105,"Harddisk (Brand: HP, Model: 146GB, 3.5"" U320 10K RPM Hot Plug)",3,Nos.
9/7/2020,M-3/2020,M-105,"Harddisk (Brand: HP, Model: 146GB,6G SAS 15K 2.5"")",5,Nos.
9/7/2020,M-3/2020,M-105,"Amplifier (Brand: Panasonic, Model: WX-220CN)",1,No.
9/7/2020,M-3/2020,M-105,"Transcriber, Dictator (Brand: Sony, Model: BM-77T)",1,No.
9/7/2020,M-3/2020,M-106,"DVD Player (Brand: JVC, Model: XV-N33)",28,Nos.
9/7/2020,M-3/2020,M-106,"Video Cassette Recorder (Brand: JVC, Model: J271MS)",1,No.
9/7/2020,M-3/2020,M-106,"DVD Player (Brand: Pioneer, Model: DV-667A)",1,No.
9/7/2020,M-3/2020,M-106,Metal Tray for TV,34,Nos.
9/7/2020,M-3/2020,M-106,Weighing Scale (Brand : Detecto),1,No.
9/7/2020,M-3/2020,M-106,DIGI Event Timer with Thermal Printer (Brand : DIDI),1,No.
9/7/2020,M-3/2020,M-106,"Shot Iron, 12 lbs",2,Nos.
9/7/2020,M-3/2020,M-106,"Shot Iron, Competition 8 lbs 13ozs",2,Nos.
9/7/2020,M-3/2020,M-107,"CCTV Auto-Iris Zoom Lens, 1/2"" 10X 8-80mm (Brand: Pelco, Model: 12ZV8X10CP) (Dismantled) ",22,Nos.
9/7/2020,M-3/2020,M-107,"CCTV Pan/ Tilt Housing Mount and Receiver Assembly (Brand: Pelco, Model: ES3012-5W) (Dismantled) ",22,Nos.
9/7/2020,M-3/2020,M-107,"CCTV Camera, 1/2"" CCD Colour (Brand: Philips, Model: LTC0600/10) (Dismantled) ",22,Nos.
9/7/2020,M-3/2020,M-107,"Speaker Cone, PA System (Brand: Penton, Model: Cell 10/T) (Dismantled) ",18,Nos.
9/7/2020,M-3/2020,M-108,"Antenna for MTS2000 (Brand: Motorola, Model: NAE6549 / NAE6549A)",4,Nos.
9/7/2020,M-3/2020,M-108,"Antenna, UHF-Flexible for MTS2000 (Model: 85-5241U05)",24,Nos.
9/7/2020,M-3/2020,M-108,"Charger, Battery Single-Unit, MTS2000 (Brand: Motorola, Model: NTN1170)",1,No.
9/7/2020,M-3/2020,M-108,"Charger, Battery Multi-Unit (Brand: Motorola,  Model: NTN7623)",1,No.
9/7/2020,M-3/2020,M-108,"Micro/ Speaker, Extension, MTS2000 (Model: NMN6244BSP01)",12,Nos.
9/7/2020,M-3/2020,M-108,"Surveillance Kit, DTC, for Radio (MTS2000) (Brand: Unknown, Model: SK-5/091/S2)",2,Nos.
9/7/2020,M-3/2020,M-108,"Radio, MTS2000, Portable UHF with DVP-XL (Brand: Motorola, Model: H01RDD9PW1BN)",12,Nos.
9/7/2020,M-3/2020,M-108,"Radio, Portable, VISAR UHF (Brand: Motorola, Model: H05RDD9AA4N)",4,Nos.
9/7/2020,M-3/2020,M-109,"Mobile Phone (Brand: Nokia, Model: 2100)",1,No.
9/7/2020,M-3/2020,M-109,Travel Charger for Mobile Phone Nokia 2100,1,No.
9/7/2020,M-3/2020,M-109,"Mobile Phone with Battery (Brand: Nokia, Model: 1209) ",1,Set
9/7/2020,M-3/2020,M-109,Travel Charger for Mobile Phone Nokia 1209,1,No.
9/7/2020,M-3/2020,M-110,"Medical Fridge, 376 Litres (Brand: Dometic, Model: ML 370SG) (Dismantled)",1,No.
9/7/2020,M-3/2020,M-111,"Medical Fridge, 376 Litres (Brand: Dometic, Model: ML 370SG) (Dismantled)",1,No.
9/7/2020,M-3/2020,M-112,Oximeter (Model: 3301),1,No.
9/7/2020,M-3/2020,M-113,"Autoclave (Brand: Fuji Kogaku, Model: HAC220)",1,No.
9/7/2020,M-3/2020,M-113,"Dehumidifier (Brand: White Westinghouse, Model: WD550)",1,No.
9/7/2020,M-3/2020,M-114,"Jaundice Meter (Brand: Konica Minolta, Model: JM-103)",2,Nos.
9/7/2020,M-3/2020,M-114,"Medical Refrigerator, 330 Litres (Brand: Kirsh, Model: MED 338) (Dismantled)",1,No.
9/7/2020,M-3/2020,M-114,"Medical Refrigerator, 353 Litres (Brand: Dometic, Model: ML355S) (Dismantled)",1,No.
9/7/2020,M-3/2020,M-115,"Freezer, 400 Litres (Brand: Liebherr, Model: UGS5520) (Dismantled)",1,No.
9/7/2020,M-3/2020,M-116,"Medical Freezer, 379 Litres (Brand: Harris, Model: SLT13V-85) (Dismantled)",1,No.
9/7/2020,M-3/2020,M-117,"Medical Refrigerator, 500 Litres (Brand: Kircsh, Model: Froster 520) (Dismantled)",2,Nos.
9/7/2020,M-3/2020,M-118,"Autoclave (Brand: Fuji Kogaku, Model: HAC300)",1,No.
9/7/2020,M-3/2020,M-119,"X-ray Film 90x300mm (Unused, Expired on Nov 2017)",100,Kg.
9/7/2020,M-3/2020,M-119,"X-ray Film 30x30mm (Unused, Expired on Nov 2017)",144,Kg.
9/7/2020,M-3/2020,M-120,"Desktop Projector (Brand: 3M, Model: X55i)",1,No.
9/7/2020,M-3/2020,M-121,"Digital Photo Frame 7"" (Model: DF-780)",6,Nos.
9/7/2020,M-3/2020,M-121,"Bar-code Scanner (Brand: Symbol, Model: LS2106)",5,Nos.
9/7/2020,M-3/2020,M-121,"Bar-code Scanner (Brand: Symbol, Model: LS9208i)",1,No.
9/7/2020,M-3/2020,M-122,Diagnostic Set (Brand: Keeler),1,Set
9/7/2020,M-3/2020,M-123,Light Curing Unit,1,No.
9/7/2020,M-3/2020,M-124,"Electronic Blood Pressure Monitor (Brand: Dinamap, Model: PRO100V2)",2,Nos.
9/7/2020,M-3/2020,M-124,"Electric Sterlizer (Brand: Muranaka Med Instrument, Model: 58331)",1,No.
9/7/2020,M-3/2020,M-124,Paper Shredder (Brand: Fellow),1,No.
9/7/2020,M-3/2020,M-124,"Desktop Projector (Brand: Gakken, Model: GPJ1120)",1,No.
9/7/2020,M-3/2020,M-124,Desktop Silde Projector (Brand: Novamat),1,No.
9/7/2020,M-3/2020,M-124,Resuscitator (Brand: Blue Cross),1,No.
9/7/2020,M-3/2020,M-125,"Electronic Blood Pressure Monitor (Brand: Mediana, Model: YM1000N)",1,No.
9/7/2020,M-3/2020,M-126,"Medical Fridge, 376 Litres (Brand: Dometic, Model: ML 370SG) (Dismantled)",1,No.
9/7/2020,M-3/2020,M-126,"Autoclave (Brand: Tinget, Model: STE-23L-C)",1,No.
9/7/2020,M-3/2020,M-127,"Electronic Blood Pressure Monitor (Brand: Dinamap, Model: XL Vital Signmonitor)",2,Nos.
9/7/2020,M-3/2020,M-128,"Television (Flat-panel Display) (Brand: NEC, Model: PX-42VM3G)",1,No.
9/7/2020,M-3/2020,M-129,Video Projector (Dismantled),1,No.
9/7/2020,M-3/2020,M-129,Audio Compressor,2,Nos.
9/7/2020,M-3/2020,M-129,Tape Eraser,1,No.
9/7/2020,M-3/2020,M-129,Colour Video Camera System ¡V 1/2¡¨ 3-CCD Video Camera,1,No.
9/7/2020,M-3/2020,M-129,Programmable Graphic Equalizer,3,Nos.
9/7/2020,M-3/2020,M-129,Digital Delay Line,1,No.
9/7/2020,M-3/2020,M-129,Audio Mixing Console+ Accessories Four Channel Auto Gates,2,Nos.
9/7/2020,M-3/2020,M-129,A/V Matrix Switching System with Accessories,1,No.
9/7/2020,M-3/2020,M-129,Professional Foldback Loudspeaker System with 12¡¨ Low Profile Stage Monito,8,Nos.
9/7/2020,M-3/2020,M-129,Portable Power Amplifier System with 2 Wireless Handheld Microphone,2,Nos.
9/7/2020,M-3/2020,M-129,Stage Foldback Loudspeaker System- Speal,12,Nos.
9/7/2020,M-3/2020,M-129,Stage Foldback Loudspeaker System ¡V Sub Bass Speaker,2,Nos.
9/7/2020,M-3/2020,M-129,UHF Wireless Microphone System ¡V Flight Case,2,Nos.
9/7/2020,M-3/2020,M-129,Long Thrown Zoom Lens for Sanyo PLC-XP46 LCD Projector,1,No.
9/7/2020,M-3/2020,M-130,HP CF280XC,14,Nos.
9/7/2020,M-3/2020,M-130,HP CF226A,7,Nos.
9/7/2020,M-3/2020,M-130,HP C4092A,1,No.
9/7/2020,M-3/2020,M-130,Fuji Xerox M355df ,1,No.
9/7/2020,M-3/2020,M-130,Fuji Xerox 3117,2,Nos.
9/7/2020,M-3/2020,M-130,Kyocera Minolta TN414,4,Nos.
9/7/2020,M-3/2020,M-130,Kyocera Minolta KM2530,2,Nos.
9/7/2020,M-3/2020,M-130,Panasonic UG-5575,2,Nos.
9/7/2020,M-3/2020,M-131,Floor Blower (Brand: Hifan),1,No.
9/7/2020,M-3/2020,M-131,Three Seats Lobby Chairs,2,Nos.
9/7/2020,M-3/2020,M-131,"CCTV Video Monitor (Brand: Sharp, Model: BMC 2002T)",3,Nos.
9/7/2020,M-3/2020,M-132,3-Seater Sofa,1,No.
9/7/2020,M-3/2020,M-132,Wooden Coffee Table,1,No.
9/7/2020,M-3/2020,M-132,8 Drawers Planchest,1,No.
9/7/2020,M-3/2020,M-132,Office Chair,3,Nos.
9/7/2020,M-3/2020,M-133,Expired Toner Cartridge (Model: C3903F),2,Nos.
9/7/2020,M-3/2020,M-134,"Video Cassette Recorder (Brand: Toshiba, Model: V-E 20H)",2,Nos.
9/7/2020,M-3/2020,M-134,Metal TV Cabinet,2,Nos
9/7/2020,M-3/2020,M-135,"29¡¨ Television (Type: Cathode-ray Tube) (Brand: Philips, Model: 29 PT 760A-57R)",2,Nos.
9/7/2020,M-3/2020,M-136,Modem (Brand: Hornet),2,Nos.
9/7/2020,M-3/2020,M-137,"Scanner (Brand: Avision, Model: Duplex Document Scanner AV3852U)",1,No.
9/7/2020,M-3/2020,M-138,"Printer (Brand: HP, Model: DeskJet 9800 A3 Color InkJet )",1,No.
9/7/2020,M-3/2020,M-138,"Printer (Brand: NEC, Model: P8000+ Dot Matrix Printer)",1,No.
9/7/2020,M-3/2020,M-139,"Computer (Brand: HP, Model: Compaq dx7400) Including: 1 no. RAM",2,Nos.
9/7/2020,M-3/2020,M-140,"Printer (Brand: HP, Model: LaserJet 5SI MX) (Over 30 Kg.)",1,No.
9/7/2020,M-3/2020,M-141,Expired Toner Cartridge (Model: C7115A),5,Nos.
9/7/2020,M-3/2020,M-142,Wall Mounted Fan (Dismantled) ,11,Nos.
9/7/2020,M-3/2020,M-142,Exhaust Fan (Dismantled) ,1,No.
9/7/2020,M-3/2020,M-142,Water Heater (Brand: Electrolux) (Dismantled) ,1,No.
9/7/2020,M-3/2020,M-142,"DVD/VCD/CD Player (Brand: BBK, Model: BBK907K)",1,No.
9/7/2020,M-3/2020,M-142,"Auto-logic Telephone Answering Machine (Brand: Panasonic, Model: KX-T1455B)",1,No.
9/7/2020,M-3/2020,M-142,"Portable Transistorised Radio (Brand: Hanimex, Model: HDR2001)",1,No.
9/7/2020,M-3/2020,M-143,"Computer, Custom-built, Intel Pentium Dual Core E6300 CPU, 2.8GHz (Desktop)",1,No.
9/7/2020,M-3/2020,M-144,"Notebook (Brand: HP, Model: Mini-Note 110-116ITU)",1,No.
9/7/2020,M-3/2020,M-145,"iPad Wi-Fi 3G with iPad Camera Connect, iPad Dock Connector to VGA, iPad Case and iPad Keyboard Dock (without power cord) (Brand: Apple)",1,Set
9/7/2020,M-3/2020,M-146,"DLP Projector including Video Signal Distributor w/amplifier, Audio/Video Elector (Brand: IBM, Model: ValueBase 2000 Lumens SVGA) (Dismantled)  ",1,Set
9/7/2020,M-3/2020,M-146,"Paper Shredder (Brand: EBA, Model: 1121S)",1,No.
9/7/2020,M-3/2020,M-146,"16mm Sound Film Projector (Brand: Bauer, Model: P87S) (Dismantled)  ",1,Set
9/7/2020,M-3/2020,M-146,"Seal, Brass",1,No.
9/7/2020,M-3/2020,M-146,Antenna for TV,1,No.
9/7/2020,M-3/2020,M-146,"Cupboard, Steel, 2 door",1,No.
9/7/2020,M-3/2020,M-146,"Rack, Steel, Storage, 915 x 305 x 2210 mm",1,No.
9/7/2020,M-3/2020,M-147,"Photocopier (Brand: Sharp, Model: AR M160) (about 80 lbs)",1,No.
9/7/2020,M-3/2020,M-147,"Digital Video Recorder (Brand: Dynacolor, Model: L64)",1,No.
9/7/2020,M-3/2020,M-147,"DVD Recorder (Brand: PIONEER, Model: DVR-520H-s)",1,No.
9/7/2020,M-3/2020,M-147,"Portable Hard Disk, 2TB (Model: My Passport Ultra)",1,No.
9/7/2020,M-3/2020,M-147,"Mobile Phone, 5.3 Inch Display (Brand: Samsung, Model: Galaxy Note N7000) ",1,No.
9/7/2020,M-3/2020,M-147,"Digital Camera (Brand:  Nikon, Model: Coolpix P5100)",1,No.
9/7/2020,M-3/2020,M-147,"Keyboard (Brand: Compaq, Model: 5191)",1,No.
9/7/2020,M-3/2020,M-147,"Mouse (Brand: Compaq, Model: MOAFKOA)",1,No.
9/7/2020,M-3/2020,M-147,"Digital Video Camera (Brand: JVC, Model: GZ-MC100EK)",1,No.
9/7/2020,M-3/2020,M-147,"Mobile Phone (Brand: Nokia, Model: 6280) ",1,No.
9/7/2020,M-3/2020,M-147,"Mobile Phone (Brand: Nokia, Model: N73) ",1,No.
9/7/2020,M-3/2020,M-147,"Digital Camera (Brand: Nikon, Model: Coolpix P7100)",1,No.
9/7/2020,M-3/2020,M-148,"Mobile Phone (Brand: Samsung, Model: Galaxy Note 3 LTE N9005)",1,No.
9/7/2020,M-3/2020,M-148,"Mobile Phone (Brand: Samsung, Model: Galaxy S4 LTE) ",1,No.
9/7/2020,M-3/2020,M-148,"Mobile Phone (Brand: Samsung, Model: Galaxy S5)",1,No.
9/7/2020,M-3/2020,M-148,"Mobile Phone (Brand: Samsung, Model: I9400 Galaxy SII3G)",1,No.
9/7/2020,M-3/2020,M-148,"Mobile Phone (Brand: Samsung, Model: Note N7000)",1,No.
9/7/2020,M-3/2020,M-148,"Mobile Phone (Brand: Samsung, Model: Note 2LTE N7105) ",1,No
9/7/2020,M-3/2020,M-148,"Mobile Phone (Brand: Samsung, Model: Galaxy S4 White)",1,No.
9/7/2020,M-3/2020,M-148,"Mobile Phone, (Brand: Samsung, Model: S4 9505 BK)  ",1,No.
9/7/2020,M-3/2020,M-148,"Mobile Phone (Brand: Apple, Model: iPhone 7 256GB Black)",1,No.
9/7/2020,M-3/2020,M-148,"Mobile Phone (Brand: Apple, Model:  iPhone 4S 16GB White) ",1,No.
9/7/2020,M-3/2020,M-148,"Mobile Phone (Brand: Apple, Model: iPhone 6 16G)  ",1,No.
9/7/2020,M-3/2020,M-148,"Mobile Phone (Brand: HUAWEI, Model: Mates 9 Pro)  ",1,No.
9/7/2020,M-3/2020,M-148,"Mobile Phone (Brand: HUAWEI, Model: Mates)",1,No.
9/7/2020,M-3/2020,M-148,"Mobile Phone (Brand: Nokia, Model: 5310 MP)",1,No.
9/7/2020,M-3/2020,M-148,"Mobile Phone (Brand: Sony, Model: Xperia Go ST27i)",1,No.
9/7/2020,M-3/2020,M-148,"Mobile Phone (Brand: LG, Model: Optimus G E975WH)",1,No.
9/7/2020,M-3/2020,M-148,"Mobile Phone (Brand: HTC, Model: Desire S)",1,No.
9/7/2020,M-3/2020,M-148,"Shredder (Brand: Hollies, Model: MC-39)",1,No.
9/7/2020,M-3/2020,M-148,"Laminator (Brand: Monolith, Model: A4 OL-250)",1,No.
9/7/2020,M-3/2020,M-148,Drinking Machine (Brand: Cool),1,No.
9/7/2020,M-3/2020,M-148,"Digital Video Recorder, 4CH c/w 2 Camera Shots",1,Set
9/7/2020,M-3/2020,M-148,"Digital Video Handycam (Brand: Sony, Model: HDR-CX130E/S CMR)  ",1,No.
9/7/2020,M-3/2020,M-148,"Digital Camera (Brand: Olympus, Model: Tough-6020) ",1,No.
9/7/2020,M-3/2020,M-148,"Digital Camera (Brand: Olympus, Model: XZ1 White) ",1,No.
9/7/2020,M-3/2020,M-148,"Digital Camera c/w 1 Camera Shot (Brand: Nikon, Model: 1J1DZGBK)",1,Set
9/7/2020,M-3/2020,M-149,"Strip-cut Shredder (Brand: Kobra, Model: 260 S2 ES)",1,No.
9/7/2020,M-3/2020,M-149, Air Cleaner (Brand: Whirlpool),2,Nos.
9/7/2020,M-3/2020,M-149,"Cooler (Brand:Turbo, Model: TCL-191)",1,No.
9/7/2020,M-3/2020,M-150,HP LaserJet P2055 CE505X ,42,Nos.
9/7/2020,M-3/2020,M-150,HP LaserJet P2055 Q7553X,14,Nos.
9/7/2020,M-3/2020,M-150,HP LaserJet M401 CF280X,6,Nos.
9/7/2020,M-3/2020,M-150,Kyocera FS-4100DN TK-3114,3,Nos.
9/7/2020,M-3/2020,M-150,Lexmark E360dn E360H11P,2,Nos.
9/7/2020,M-3/2020,M-150,Fuji Xerox DocuPrint M355df CT201937,1,No.
9/7/2020,M-3/2020,M-150,Fuji Xerox DocuPrint M355df CT201938,1,No.
9/7/2020,M-3/2020,M-150,Fuji Xerox WorkCentre 3210 CWAA0776,1,No.
9/7/2020,M-3/2020,M-150,Fuji Xerox DocuPrint C5005d CT201664 (Black),3,Nos.
9/7/2020,M-3/2020,M-150,Fuji Xerox Toner DocuPrint C5005d CT201665 (Cyan) ,2,Nos.
9/7/2020,M-3/2020,M-150,Fuji Xerox DocuPrint C5005d CT201666 (Magenta),2,Nos.
9/7/2020,M-3/2020,M-150,Fuji Xerox DocuPrint C5005d CT201667 (Yellow),3,Nos.
9/7/2020,M-3/2020,M-150,EPSON Aculaser C3800 S051124 (Yellow),2,Nos.
9/7/2020,M-3/2020,M-150,Panasonic Fax UF7300 UG5575,18,Nos.
9/7/2020,M-3/2020,M-151,"Industrial Wet /Dry Vacuum Cleaner (Brand : Minuteman, Model 290-15)",1,No.
9/7/2020,M-3/2020,M-151,"Fax Machine (Brand: Panafax, Model: UF-890)",2,Nos.
9/7/2020,M-3/2020,M-152,"Facsimile Machine (Brand: Panafax, Model: UF890)",1,No.
9/7/2020,M-3/2020,M-152,Range Mist Fan -MC20CHN,1,No.
9/7/2020,M-3/2020,M-153,Fuji Xerox WorkCentre 3220 CWAA0776,1,No.
9/7/2020,M-3/2020,M-153, HP LaserJet M602DN CE 390A,3,Nos.
9/7/2020,M-3/2020,M-153,HP LaserJet P1505 CB436AD,2,Nos.
9/7/2020,M-3/2020,M-153,Panasonic Fax Machines UF7300 UG5575,12,Nos.
9/7/2020,M-3/2020,M-153,Lexmark T654dn T654X11P ,1,No.
9/7/2020,M-3/2020,M-153,Fuji Xerox P355db CT201937,73,Nos.
9/7/2020,M-3/2020,M-153,Epson Aculaser C3800DN C13S051127,4,Nos.
9/7/2020,M-3/2020,M-153,Epson Aculaser C3800DN C13S051130,1,No.
9/7/2020,M-3/2020,M-153,Kyocera FS4100DN TK3114,3,Nos.
9/7/2020,M-3/2020,M-153,Fuji Xerox Docu Print P340A CT350269,1,No.
9/7/2020,M-3/2020,M-153,Fuji Xerox Docu Print P355db CT350973,11,Nos.
9/7/2020,M-3/2020,M-154,Fuji Xerox P355BD Maintenance Kit (Used),9,Nos.
9/7/2020,M-3/2020,M-154,Fuji Xerox P355BD Drum Cartridge (Used),3,Nos.
9/7/2020,M-3/2020,M-154,Fuji Xerox P355BD Toner,12,Nos.
9/7/2020,M-3/2020,M-154,Panasonic UG5575 Fax Toner,1,No.
9/7/2020,M-3/2020,M-155,"Plain Paper Panaboard (Brand: Panasonic, Model: KX-BP635)",1,No.
9/7/2020,M-3/2020,M-155,"Duplex Plain Paper Copier (Brand: Panasonic, Model: DP-8020E) (Over 40 Kg.)",1,No.
9/7/2020,M-3/2020,M-156,"Lifebook (Brand: Fujituse, Model: S-6240)",1,No.
9/7/2020,M-3/2020,M-156,"Lifebook (Brand: Fujituse, Model: S-7020)",1,No.
9/7/2020,M-3/2020,M-157,HP1200,1,No.
9/7/2020,M-3/2020,M-157,Fuji Xerox P335d,36,Nos.
9/7/2020,M-3/2020,M-157,Fuji Xerox P335d (Kit),14,Nos.
9/7/2020,M-3/2020,M-157,Fuji Xerox P335d (Drum),7,Nos.
9/7/2020,M-3/2020,M-157,Panasonic UG-3313,6,Nos.
9/7/2020,M-3/2020,M-157,Panasonic UG-5575,2,Nos.
9/7/2020,M-3/2020,M-157,Kyocera TK6309,2,Nos.
9/7/2020,M-3/2020,M-157,Epson C3800-1127,2,Nos.
9/7/2020,M-3/2020,M-157,Epson C3800-1128,1,No.
9/7/2020,M-3/2020,M-157,Epson C3800-1129,1,No.
9/7/2020,M-3/2020,M-158,Panasonic UG-5575,10,No.
9/7/2020,M-3/2020,M-158,Fuji Xerox P355DB,66,Nos.
9/7/2020,M-3/2020,M-158,Kyocera FS-4100DN,3,Nos.
9/7/2020,M-3/2020,M-158,Epson Aculaser C3800,5,Nos.
9/7/2020,M-3/2020,M-158,HP 401d,3,Nos.
9/7/2020,M-3/2020,M-159,Fuji Xerox 201938(P335db),30,Nos.
9/7/2020,M-3/2020,M-159,Panasonic UG5575,3,Nos.
9/7/2020,M-3/2020,M-159,EPSON C3800 Black 1127,1,No.
9/7/2020,M-3/2020,M-160,"Notebook (Brand: HP, Model: Elitebook 2540P)",1,No.
9/7/2020,M-3/2020,M-161,Fuji Xerox P355db CT201937,79,Nos.
9/7/2020,M-3/2020,M-161,HP Laserjet 1100 C4092A,1,No.
9/7/2020,M-3/2020,M-161,HP Laserjet P2055d CE505A,2,Nos.
9/7/2020,M-3/2020,M-161,Kyocera Network FS-4100DN TK3114,2,Nos.
9/7/2020,M-3/2020,M-161,Epson C3800DN CN675K36932 (1126C),1,No.
9/7/2020,M-3/2020,M-161,Epson C3800DN CN675K36902 (1127K),1,No.
9/7/2020,M-3/2020,M-161,Lexmark T654dn T654X11P,2,Nos.
9/7/2020,M-3/2020,M-161,Lexmark MS811dn 523HE,2,Nos.
9/7/2020,M-3/2020,M-161,Panasonic Facsimile UF-885 UG3313,9,Nos.
9/7/2020,M-3/2020,M-162,Fuji Xerox DocuPrint P355db,79,Nos.
9/7/2020,M-3/2020,M-162,Fuji Xerox Drum Cartridge P355 db,7,Nos.
9/7/2020,M-3/2020,M-162,Fuji Xerox Maintenance Kit P355 db,15,Nos.
9/7/2020,M-3/2020,M-162,Xerox Work Cenre 3220,1,No.
9/7/2020,M-3/2020,M-162,Lexmark 523HE,1,No.
9/7/2020,M-3/2020,M-163,"Electric Punch (Brand: UCHIDA, Model: VS-10)",1,No
9/7/2020,M-3/2020,M-164,Refrigerator Steel Door (Band: COOLMATE) Size: 700Wx750Dx2000Hmm (Volume: over 500L),1,No.
9/7/2020,M-3/2020,M-164,"Paper Shredder (Brand: HSM, Model No: 1252)",1,No.
9/7/2020,M-3/2020,M-165,"Projector (Brand: Panasonic, Model: PTLB60NT) (Dismantled) ",1,No.
9/7/2020,M-3/2020,M-165,"Four Channel Receiver (Brand: Eurosound, Model: US-9902)",1,No.
9/7/2020,M-3/2020,M-166,Lexmark CT350269,2,Nos.
9/7/2020,M-3/2020,M-166,Panasonic UG5575,14,Nos.
9/7/2020,M-3/2020,M-166,Fuji CP355,85,Nos.
9/7/2020,M-3/2020,M-167,"Printer (Brand: HP, Model: LaserJet-2100)",1,No.
9/7/2020,M-3/2020,M-167,"Printer (Brand: Epson, Model: EOL-5800L)",1,No.
9/7/2020,M-3/2020,M-167,"Printer (Brand: HP, Model: LaserJet-6L)",1,No.
9/7/2020,M-3/2020,M-168,"Scanner (Brand:Kodak, Model: il420)",1,No.
9/7/2020,M-3/2020,M-169,"Digital Camera (Brand: Canon, Model: PowerShot S90)",2,Nos.
9/7/2020,M-3/2020,M-169,"Digital Camera (Brand: Canon, Model: PowerShot S95)",2,Nos.
9/7/2020,M-3/2020,M-169,"Digital Camera (Brand: Sony, Model: Nex-5N)",1,No.
9/7/2020,M-3/2020,M-169,"Digital Camera (Brand: Panasonic, Model: LX-5)",1,No.
9/7/2020,M-3/2020,M-169,"Flash (Brand: Panasonic, Model: DMW-FL220)",1,No.
9/7/2020,M-3/2020,M-169,"Flash (Brand: Sony, Model: HVL F20S)",1,No.
9/7/2020,M-3/2020,M-170,Hub (Brand: CISCO),1,No.
9/7/2020,M-3/2020,M-170,Speaker (Brand: SAMSUNG),8,Nos.
9/7/2020,M-3/2020,M-170,Multimedia Speaker System (Brand: SAMSUNG) ,2,Nos.
9/7/2020,M-3/2020,M-170,Tape Drive - EAS (Model: SDT-D9000 ),3,Nos.
9/7/2020,M-3/2020,M-170,Pointer,7,Nos.
9/7/2020,M-3/2020,M-170,"Smart Fan, NMB ",7,Nos.
9/7/2020,M-3/2020,M-170,VGA Distribution Amplifier & Network Switch,7,Nos.
9/7/2020,M-3/2020,M-170,"Projector, Ship SIM (Dismantled)  ",7,Nos.
9/7/2020,M-3/2020,M-170,Intercom Simulator (Brand: SINDEL),5,Nos.
9/7/2020,M-3/2020,M-171,Video Cassette Recorder (Brand: National Model: NV-G12BD),1,No.
9/7/2020,M-3/2020,M-171,Kettle Electric ,1,No.
9/7/2020,M-3/2020,M-171,Paper Shredder (Brand: HSM),1,No.
9/7/2020,M-3/2020,M-171,Pencil Sharpener (Brand: Mitsubishi),2,Nos.
9/7/2020,M-3/2020,M-171,Pump (Model: PT-352),1,No.
9/7/2020,M-3/2020,M-171,Lamp (Model: UVPT-1660),1,No.
9/7/2020,M-3/2020,M-171,Music Stand,9,Nos.
9/7/2020,M-3/2020,M-171,Camera Super Mini Zoom (Brand: Fuji),1,No.
9/7/2020,M-3/2020,M-171,Camera Digital (Brand: Olympus Model: C-730),1,No.
9/7/2020,M-3/2020,M-171,DVD/VCD Mini HIFI (Brand: Aiwa Model: XR-DV826),1,No.
9/7/2020,M-3/2020,M-171,Video Converter (Brand: SNAzzi Model: C0201-070R),1,No.
9/7/2020,M-3/2020,M-171,Handle Platform Trolley Foldable,6,Nos.
9/7/2020,M-3/2020,M-171,Laminating Machine,1,No.
9/7/2020,M-3/2020,M-171,Paper Shredder,5,Nos.
9/7/2020,M-3/2020,M-172,"Fax Machine (Brand: Panasonic, Model: Panafax UF-885)",1,No.
9/7/2020,M-3/2020,M-172,Wall Mount Server Cabinet without Door (Dismantled),1,No.
9/7/2020,M-3/2020,M-172,Timer,30,Nos.
9/7/2020,M-3/2020,M-173,"Camera (Brand: Nikon, Model: Coolpix 4300)",1,No.
9/7/2020,M-3/2020,M-173,"Camera (Brand: Panasonic, Model: DMC-FZ18)",1,No.
9/7/2020,M-3/2020,M-173,"Camera (Brand: Panasonic, Model: DMC-ZS3)",1,No.
9/7/2020,M-3/2020,M-173,"Camera (Brand: Panasonic, Model: SDR-H250)",1,No.
9/7/2020,M-3/2020,M-173,"Tape Drive (Brand: HP, Model: SureStore DAT 24*6 DDS)",2,Nos.
9/7/2020,M-3/2020,M-173,"Projector (Brand: Epson, Model: EMP822) (Dismantled) ",1,No.
9/7/2020,M-3/2020,M-173,"Projector (Brand: NEC, Model: ME270X) (Dismantled) ",1,No.
9/7/2020,M-3/2020,M-173,"Projector (Brand: Panasonic, Model: PT-D5600E) (Dismantled) ",1,No.
9/7/2020,M-3/2020,M-173,"Projector (Brand: Toshiba, Model: TDP-SP1) (Dismantled) ",1,No.
9/7/2020,M-3/2020,M-173,"Projector (Brand: Toshiba, Model: TLP781) (Dismantled) ",2,Nos.
9/7/2020,M-3/2020,M-173,"Visualizer (Brand: Hitec, Model: PH-965) (Dismantled) ",1,No.
9/7/2020,M-3/2020,M-173,"Visualizer (Brand: Lumens, Model: DC133) (Dismantled) ",5,Nos.
9/7/2020,M-3/2020,M-173,"Visualizer (Brand: Lumens, Model: DC158) (Dismantled) ",1,No.
9/7/2020,M-3/2020,M-173,"Visualizer (Brand: Lumens, Model: DC80A) (Dismantled) ",2,Nos.
9/7/2020,M-3/2020,M-173,"Visualizer (Brand: Lumens, Model: PS400) (Dismantled) ",2,Nos.
9/7/2020,M-3/2020,M-173,"Visualizer (Brand: ProVision, Model: PVT-413D+) (Dismantled) ",1,No.
9/7/2020,M-3/2020,M-174,Refrigerator (Brand: Philco),1,No.
9/7/2020,M-3/2020,M-175,"17"" LCD Monitor (Flat-panel Display) (Brand: Dell)",1,No.
9/7/2020,M-3/2020,M-176,"Case for 3/4 to Full Size Double Bass, Fibreglass",11,Nos.
9/7/2020,M-3/2020,M-176,Case for Cello 4/4,5,Nos.
9/7/2020,M-3/2020,M-176,Case for Cello with Handle & Bow Receptacles,1,No.
9/7/2020,M-3/2020,M-176,Standard Carrying Hard Case with Locks for 4/4 Cello,1,No.
9/7/2020,M-3/2020,M-177,"Refrigerator (Brand: Venus, Model: VG301c)",1,No.
9/7/2020,M-3/2020,M-178,"Projector LCD (Brand: Mitsubishi, Model: Xd510u)  (Dismantled)",1,No.
9/7/2020,M-3/2020,M-179,"Panaboard (Brand: Panasonic, Model: KX-B530)",1,No.
9/7/2020,M-3/2020,M-180,Resusci Anne Full Body Basic (Aha) with Hard Case (Dummy for Peactice Exercise),1,Set
9/7/2020,M-3/2020,M-180,"Kit, Hard Articulated Arms/ Legs Kit for Resusci Anne, Trauma/ First Aid",1,No.
9/7/2020,M-3/2020,M-181,Image Drum Cyan CB385A,1,No.
9/7/2020,M-3/2020,M-181,Image Drum Yellow CB386A,1,No.
9/7/2020,M-3/2020,M-181,Image Drum Magenta CB387A,1,No.
9/7/2020,M-3/2020,M-181,Image Fuser Kit CB458A,1,No.
9/7/2020,M-3/2020,M-181,Image Transfer Kit CB463A,1,No.
9/7/2020,M-3/2020,M-181,Image Roller Kit CB459A,2,Nos.
9/7/2020,M-3/2020,M-182,"Walkie Talkie, Talkabout (Brand: MOTOROLA, Model: T5628)",4,Nos.
9/7/2020,M-3/2020,M-182,Media Visualizer (Dismantled),1,No.
9/7/2020,M-3/2020,M-182,"Fax Machine (Brand: Panasonic, Model: Panafax UF 5600)",2,Nos.
9/7/2020,M-3/2020,M-182,"Label Printer, Leitz Icon ",15,Nos.
9/7/2020,M-3/2020,M-182,Stainless Steel Drop-in Box - Size: 34.5 cm(L) x 34.8 cm(W) x 47 cm(H),1,No.
9/7/2020,M-3/2020,M-182,Key Box - Size: 32 cm(L) x 39.7 cm(W) x 39.5 cm(H)  (Dismantled) ,1,No.
9/7/2020,M-3/2020,M-182,Electronic Whiteboard (Brand: Panasonic)  (Dismantled) ,1,No.
9/7/2020,M-3/2020,M-182,"Mobile Phone (Brand: LENOVO, Model: A6000) ",17,Nos.
9/7/2020,M-3/2020,M-182,LCD Arm Wall and Desk Top Mount Foldable Arm,1,No.
9/7/2020,M-3/2020,M-183,External CD-RW (Brand: HP),1,No.
9/7/2020,M-3/2020,M-183,USB Rewriteable CD-ROM Drive ,1,No.
9/7/2020,M-3/2020,M-183,"Facsimile Machine (Brand: Panafax, Model: UF585)",1,No.
9/7/2020,M-3/2020,M-184,Transmission Jack 1500kg (Brand: YASUI),1,No.
9/7/2020,M-3/2020,M-184,Axle Stand 1.5 Ton (Brand: Nike),5,Nos.
9/7/2020,M-3/2020,M-184,Axle Stand 3 Ton (Brand: Nike),7,Nos.
9/7/2020,M-3/2020,M-184,Axle Stand 6 Ton (Brand: Nike),2,Nos.
9/7/2020,M-3/2020,M-184,Companion Hose Reel (Brand: PCL),1,No.
9/7/2020,M-3/2020,M-184,Battery & Alternator Tester (Brand: Trenfast),3,Nos.
9/7/2020,M-3/2020,M-184,Gas Analyser (Brand: Protect Model: FLUX 2000-4),1,No.
9/7/2020,M-3/2020,M-184,Waste Oil Trolley ,1,No.
9/7/2020,M-3/2020,M-184,Office Chair ,4,Nos.
9/7/2020,M-3/2020,M-184,Water Dispenser ,1,No.
9/7/2020,M-3/2020,M-184,Grease Pump (Brand: OMPI),1,No.
9/7/2020,M-3/2020,M-184,"1/2"" Air Impact Wrench (Brand: Wurth)",3,Nos.
9/7/2020,M-3/2020,M-184,Fan Mist,2,Nos.
9/7/2020,M-3/2020,M-184,Click-Type Torque Wrench ,2,Nos.
9/7/2020,M-3/2020,M-184,2.25 Ton Jack (Brand: YASUI),1,No.
9/7/2020,M-3/2020,M-184,Roll Lamp (Brand: Mavel),2,Nos.
9/7/2020,M-3/2020,M-184,Transmission Jack (Brand: Eagle),1,No.
9/7/2020,M-3/2020,M-184,Wheel Jack (Brand:Ravaglioli),1,No.
9/7/2020,M-3/2020,M-184,Impact Wrench TG-1925,1,No.
9/7/2020,M-3/2020,M-184,"1/2"" Click-Type Torque Wrench",1,No.
9/7/2020,M-3/2020,M-184,Tools Cabinet ( Brand:Sandvik),1,No.
9/7/2020,M-3/2020,M-185,HP CB384A (Black) Drum,5,Nos.
9/7/2020,M-3/2020,M-185,HP CB385A (Cyan) Drum,2,Nos.
9/7/2020,M-3/2020,M-185,HP CB386A (Yellow) Drum,3,Nos.
9/7/2020,M-3/2020,M-185,HP CB387A (Magneta) Drum,3,Nos.
9/7/2020,M-3/2020,M-185,HP CB458A Image Fuser Kit,1,No.
9/7/2020,M-3/2020,M-185,HP CB459A Image Roller Kit,2,Nos.
9/7/2020,M-3/2020,M-185,HP CB463A Image Transfer Kit,1,No.
9/7/2020,M-3/2020,M-185,Kyocera WT-860 Waste Toner Bottle,10,Nos.
9/7/2020,M-3/2020,M-185,HP CB380A (Black),4,Nos.
9/7/2020,M-3/2020,M-185,HP CB381A (Cyan),1,No.
9/7/2020,M-3/2020,M-185,HP CB382A (Yellow),2,Nos.
9/7/2020,M-3/2020,M-185,HP CB383A (Magneta),1,No.
9/7/2020,M-3/2020,M-185,HP CF280A,3,Nos.
9/7/2020,M-3/2020,M-185,Kyocera TK-8509 (Black),1,No.
9/7/2020,M-3/2020,M-185,Kyocera TK-8509 (Magneta),1,No.
9/7/2020,M-3/2020,M-185,Kyocera TK-8510 (Black),1,No.
9/7/2020,M-3/2020,M-185,Kyocera TK-8604C (Cyan),3,Nos.
9/7/2020,M-3/2020,M-185,Kyocera TK-8604K (Black),4,Nos.
9/7/2020,M-3/2020,M-185,Kyocera TK-8604M (Magneta),3,Nos.
9/7/2020,M-3/2020,M-185,Kyocera TK-8604Y (Yellow),2,Nos.
9/7/2020,M-3/2020,M-185,HP Q5949A (Black),8,Nos.
9/7/2020,M-3/2020,M-185,HP Q7553XC (Black),6,Nos.
9/7/2020,M-3/2020,M-185,HP CC530A (Black),1,No.
9/7/2020,M-3/2020,M-185,HP CC531A (Cyan),2,Nos.
9/7/2020,M-3/2020,M-185,HP CC532A (Magenta),2,Nos.
9/7/2020,M-3/2020,M-185,HP CC533A (Yellow),2,Nos.
9/7/2020,M-3/2020,M-186,"Television (Type: Cathode-ray Tube) (Brand: Sharp, Model : VT-2198M)",1,No.
9/7/2020,M-3/2020,M-187,Glass Reinforced Plastic Boat [MP9] with One Lot of Inventory Items on Board (i.e. Items 2-11) Dimensions of Boat (Approximate): 6.80 m x 2.30 m,1,No.
9/7/2020,M-3/2020,M-187,Pilot Seat ,2,Nos.
9/7/2020,M-3/2020,M-187,Compass,1,No.
9/7/2020,M-3/2020,M-187,Electric Air Horn ,1,No.
9/7/2020,M-3/2020,M-187,90 HP Outboard Engine,2,Nos.
9/7/2020,M-3/2020,M-187,Steering Console,1,No.
9/7/2020,M-3/2020,M-187,Loudhailer System,1,No.
9/7/2020,M-3/2020,M-187,Life Buoy,1,No.
9/7/2020,M-3/2020,M-187,Life Jacket,5,Nos.
9/7/2020,M-3/2020,M-187,Canvas Cover,1,No.
9/7/2020,M-3/2020,M-187,Bilge Pump,2,Nos.
9/7/2020,M-3/2020,M-187,Navigation ,4,Nos.
9/7/2020,M-3/2020,M-188,Rigid Hull Rubber Inflatable Boat [LCSD(WS) IB06] Dimensions of Boat (Approximate): 3.40 m x 1.71 m with one Outboard Engine on Board (i.e. Item 2),1,No.
9/7/2020,M-3/2020,M-188,Outboard Engine 15 HP,1,No.
9/7/2020,M-3/2020,M-188,Rigid Hull Rubber Inflatable Boat [LCSD(WS) IB17] Dimensions of Boat (Approximate): 3.40 m x 1.71 m with one Outboard Engine on Board (i.e. Item 4),1,No.
9/7/2020,M-3/2020,M-188,Outboard Engine 15 HP,1,No.
9/7/2020,M-3/2020,M-189,GRP Canoe Dimensions of Boat (Approximate): 4.0 m x 0.6 m,5,Nos.
9/7/2020,M-3/2020,MS-301,"Time Clock Machine (Brand: Nippo, Model: TimeBoy 7)",1,No.
9/7/2020,M-3/2020,MS-301,"Film Camera (Brand: Olympus, Model: UIII WIDE 100)  ",1,No.
9/7/2020,M-3/2020,MS-301,"Camera Lens for Digital Camera Nikon 5700, Telephoto Lens & Marco Lens (Brand: Nikon, Model: UR-E20 RING)",1,Set
9/7/2020,M-3/2020,MS-301,"LCD Projector, EPSON EB-1725",1,No.
9/7/2020,M-3/2020,MS-301,"Loudspeakers, Digital Audio",1,Set
9/7/2020,M-3/2020,MS-301,CCTV Infrared Camera Lens,1,Set
9/7/2020,M-3/2020,MS-301,Loudhailer (Model: ERV68),1,No.
9/7/2020,M-3/2020,MS-301,"Fax Machine (Brand: SHARP, Model: FO-71)",1,No.
9/7/2020,M-3/2020,MS-301,"Digital Camera (Brand: NIKON, Model: S6150-S-1)",1,No.
9/7/2020,M-3/2020,MS-301,"Digital Camera (Brand: Nikon, Model: P330)",1,No.
9/7/2020,M-3/2020,MS-301,"Digital Camera (Brand:  Canon, Model: PS S100)",1,No.
9/7/2020,M-3/2020,MS-301,"MP3 Player (Brand: SAMSUNG, Model: YP-T6Z)",1,No.
9/7/2020,M-3/2020,MS-301,"Mobile Phone (Brand: Nokia, Model: 5800)",1,No.
9/7/2020,M-3/2020,MS-301,"Tripod Screen (Brand: VEGA, Model: CP70X70MW)",1,No.
9/7/2020,M-3/2020,MS-301,"Cabinet, Sliding Door (wooden)",1,No.
9/7/2020,M-3/2020,MS-301,Filing Cabinet (wooden),1,No.
9/7/2020,M-3/2020,MS-301,White Board with Movable Stand,1,No.
9/7/2020,M-3/2020,MS-302,"Multi-functional Printer
(Brand: Konica Minolta, Model: C360
Approx. size: 860(W) x 710(D) x 1160(H) (mm), Weight: 216 lbs, with degaussed Hard Disk)",1,No.
9/7/2020,M-3/2020,MS-303,"Multistorey Computer Table
(Approx. size: 670(W) x 670(D) x 1315(H) (mm))",1,No.
9/7/2020,M-3/2020,MS-303,"Chair Office with Arm, High Back",1,No.
9/7/2020,M-3/2020,MS-303,"Machine Paper Shredding
(Brand: Ideal, Model: Unknown)
(Approx. size: 375(W) x 225(D) x 580(H) (mm))",1,No.
9/7/2020,M-3/2020,MS-303,"Toner Cartridge
(Brand: HP, Model: Q1338A)",2,Nos.
9/7/2020,M-3/2020,MS-304,"Drum Kit 
(Brand: Brother, Model: DR3355)",3,Nos.
9/7/2020,M-3/2020,MS-304,"Print Cartridge 
(Brand: Ricoh, Model: SP 3400HS)",2,Nos.
9/7/2020,M-3/2020,MS-305,HP Toner Cartridge Q6511X,2,Nos.
9/7/2020,M-3/2020,MS-306,"Small Table (Square), 55cm(L)x55cm(W)x45cm(H)",2,Nos.
9/7/2020,M-3/2020,MS-306,"Floor Lamp, Height: 179.5cm",3,Nos.
9/7/2020,M-3/2020,MS-306,High Stool Chair (Height Adjustable),3,Nos.
9/7/2020,M-3/2020,MS-306,Safe with Stand (GSD 432),1,No.
9/7/2020,M-3/2020,MS-306,"Cool Air Professional Inflator, Electric Ball Pump",1,No.
9/7/2020,M-3/2020,MS-306,"Air Purifier, (Brand: Panasonic, Model: F-P06SXY-P)",5,Nos.
9/7/2020,M-3/2020,MS-306,"Air Purifier (Brand: Sharp, Model: FU-888SV)",1,No.
9/7/2020,M-3/2020,MS-307,"Rear & Side Support Table, Size: 93.5cm x 58cm x 76cm",1,No.
9/7/2020,M-3/2020,MS-308,Clip Panel System (CLIP Display Panel),1,Set
9/7/2020,M-3/2020,MS-309,Internal Distributor Seals (Part No: E90 D1&200),9,Nos.
9/7/2020,M-3/2020,MS-309,Internal Distributor Seals (Part No: E90 D1&300),39,Nos.
9/7/2020,M-3/2020,MS-309,"Dies (Size: 0.375"")",1,Set
9/7/2020,M-3/2020,MS-309,"Dies (Size: 0.875"")",2,Sets
9/7/2020,M-3/2020,MS-309,"Dies (Size: 1"")",3,Sets
9/7/2020,M-3/2020,MS-309,"Dies (Size: 0.625"")",2,Sets
9/7/2020,M-3/2020,MS-309,"Dies (Size: 0.5"")",1,Set
9/7/2020,M-3/2020,MS-309,"Dies (Size: 0.75"")",1,Set
9/7/2020,M-3/2020,MS-309,"Dies (Size: 1.125"")",2,Sets
9/7/2020,M-3/2020,MS-309,"Dies (Size: 1.25"")",1,Set
9/7/2020,M-3/2020,MS-309,"Dies (Size: 1.375"")",2,Sets
9/7/2020,M-3/2020,MS-309,"Dies (Size: 1.5"")",2,Sets
9/7/2020,M-3/2020,MS-309,Discharge Chamber,1,No.
9/7/2020,M-3/2020,MS-309,Base,1,No.
9/7/2020,M-3/2020,MS-309,Top Guide Vane,2,Nos.
9/7/2020,M-3/2020,MS-309,Seats Valve (Part No: JPXB-80196),2,Nos.
9/7/2020,M-3/2020,MS-309,Gaskets (Part No: 81281),2,Nos.
9/7/2020,M-3/2020,MS-309,Bearing Bronze (Part No: 633-18),2,Nos.
9/7/2020,M-3/2020,MS-309,Bearing Inter Bronze (Part No: 633-19),10,Nos.
9/7/2020,M-3/2020,MS-309,Bearing Rubber (Part No: 638-20),4,Nos.
9/7/2020,M-3/2020,MS-309,Bearing Stuff Bronze (Part No: 633-30),2,Nos.
9/7/2020,M-3/2020,MS-309,Packing Gland (Size: 0.375 Inch),2,Nos.
9/7/2020,M-3/2020,MS-309,Pin Coupling,2,Sets
9/7/2020,M-3/2020,MS-309,Bushes Coupling,2,Sets
9/7/2020,M-3/2020,MS-309,Studs (Part No: A89771),6,Nos.
9/7/2020,M-3/2020,MS-309,Spring (Part No: A87742A),1,No.
9/7/2020,M-3/2020,MS-309,Spring (Part No: A87742B),2,Nos.
9/7/2020,M-3/2020,MS-309,Plungers Oil,2,Nos.
9/7/2020,M-3/2020,MS-309,Shim for Bearing Cover,1,Set
9/7/2020,M-3/2020,MS-309,Guide (Part No: 2),1,No.
9/7/2020,M-3/2020,MS-309,Cylinder Head (Part No: 3),2,Nos.
9/7/2020,M-3/2020,MS-309,Membrane (Part No: 5),2,Nos.
9/7/2020,M-3/2020,MS-309,Spindle (Part No: 6),2,Nos.
9/7/2020,M-3/2020,MS-309,O Ring (Part No: 11),2,Nos.
9/7/2020,M-3/2020,MS-309,Piston (Part No: 13),1,No.
9/7/2020,M-3/2020,MS-309,Seal Spindle (Part No: 16),3,Nos.
9/7/2020,M-3/2020,MS-309,Cylinder Barrel (Part No: 22),1,No.
9/7/2020,M-3/2020,MS-309,Bonnet Valve (Aluminium Alloy),4,Nos.
9/7/2020,M-3/2020,MS-309,Piston Seal Kit (Part No: SKR5-512-04),3,Sets
9/7/2020,M-3/2020,MS-309,Rod Seal Kit (Part No: SKR2-662-08),5,Sets
9/7/2020,M-3/2020,MS-309,Piston Seal Kit (Part No: SKR5-512-10),3,Sets
9/7/2020,M-3/2020,MS-309,Rod Seal Kit (Part No: SKN2-661-14),6,Sets
9/7/2020,M-3/2020,MS-309,Rod Seal Kit (Part No: SKN2-661-08),5,Sets
9/7/2020,M-3/2020,MS-309,Piston Seal Kit (Part No: SKN2-512-08),3,Sets
9/7/2020,M-3/2020,MS-309,"Seal Blade (Size: 15"")",2,Nos.
9/7/2020,M-3/2020,MS-309,"Seal Blade (Size: l 6"")",18,Nos.
9/7/2020,M-3/2020,MS-309,"Tee Forged Carbon Steel (Size: 1/2"")",3,Nos.
9/7/2020,M-3/2020,MS-309,"Seals Blade (Size: 18"")",6,Nos.
9/7/2020,M-3/2020,MS-309,Backing Ring,10,Sets
9/7/2020,M-3/2020,MS-309,Carbon Bush (Part No: 17239),4,Nos.
9/7/2020,M-3/2020,MS-309,Seal Assembly (Part No: D22308),4,Nos.
9/7/2020,M-3/2020,MS-309,Distance Piece (Part No: D27194),5,Nos.
9/7/2020,M-3/2020,MS-309,Roll Pin (Part No: SL73-18),4,Nos.
9/7/2020,M-3/2020,MS-309,Rubber Seal for 30mm Lincoln Valve,5,Nos.
9/7/2020,M-3/2020,MS-309,Rubber Seal for 36mm Lincoln Valve,6,Nos.
9/7/2020,M-3/2020,MS-309,Rubber Seal for 48mm Lincoln Valve,2,Nos.
9/7/2020,M-3/2020,MS-309,Rubber Seal for 54mm Lincoln Valve,5,Nos.
9/7/2020,M-3/2020,MS-309,Screw Shifting (Key15) (Part No: 720.020.14),3,Nos.
9/7/2020,M-3/2020,MS-309,Nut Shifting (Key 27) (Part No: 720.020.18),2,Nos.
9/7/2020,M-3/2020,MS-309,Spring (Part No: 720.021.08),2,Nos.
9/7/2020,M-3/2020,MS-309,Pulley Fixed ,3,Nos.
9/7/2020,M-3/2020,MS-309,Spring Compression (Part No: 720.001.27),3,Nos.
9/7/2020,M-3/2020,MS-309,Spring (Part No: 720.020.08),2,Nos.
9/7/2020,M-3/2020,MS-309,"Belt (Model No: MX456026, Part No: 720-004-40)",2,Nos.
9/7/2020,M-3/2020,MS-309,"Geared Spindle (Model No: 9T 12DP LHH, Part No: 2)",2,Nos.
9/7/2020,M-3/2020,MS-309,"Cup Bakelite Friction (Size: 5-1/2"", Part No: 5)",2,Nos.
9/7/2020,M-3/2020,MS-309,Disc Steel Driving (Part No: 6),1,No.
9/7/2020,M-3/2020,MS-309,Geared Spindle (Part No: 11),1,No.
9/7/2020,M-3/2020,MS-309,Gear Output (Part No: 12),1,No.
9/7/2020,M-3/2020,MS-309,Spring Loading (Part No: 18),1,Set
9/7/2020,M-3/2020,MS-309,Diaphragm (Part No: C214101C),4,Nos.
9/7/2020,M-3/2020,MS-309,Disc Retainer Assembly (Part No: 9238401F),4,Nos.
9/7/2020,M-3/2020,MS-309,Disc Seal (Drawing Reference: V96807),1,No.
9/7/2020,M-3/2020,MS-309,Drive Shaft Seal (Drawing Reference: V96807),1,No.
9/7/2020,M-3/2020,MS-309,Kit Repair (Part No: 1072669),8,Nos.
9/7/2020,M-3/2020,MS-309,Kit Repair (Part No: 1072677),12,Nos.
9/7/2020,M-3/2020,MS-309,Kit Repair (Part No: 1072691),4,Nos.
9/7/2020,M-3/2020,MS-309,Valve Blade with Clamping Ring & Screws,4,Nos.
9/7/2020,M-3/2020,MS-309,Seal O (Part No: 30416W),1,No.
9/7/2020,M-3/2020,MS-309,Seal O (Part No: 30416X),2,Nos.
9/7/2020,M-3/2020,MS-309,Packing Gland (Part No: 30416M1),4,Sets
9/7/2020,M-3/2020,MS-309,Spring (Part No: 21470-4),2,Nos.
9/7/2020,M-3/2020,MS-309,Cylinder Barrel ,1,No.
9/7/2020,M-3/2020,MS-309,Casing Ring with Screw & Plug (Part No. 13-14),2,Nos.
9/7/2020,M-3/2020,MS-309,Spindle Liner Short (Part No: 18),2,Nos.
9/7/2020,M-3/2020,MS-309,Lantern Ring (Part No: 60),4,Nos.
9/7/2020,M-3/2020,MS-309,Packing Gland for Screw Down Valve (Size: 3-8mm),29,Sets
9/7/2020,M-3/2020,MS-309,O Ring (Part No: 46-792-1-20-20),2,Nos.
9/7/2020,M-3/2020,MS-309,Spring (Part No: 2280EN),8,Nos.
9/7/2020,M-3/2020,MS-309,Spring (Part No: 2282),8,Nos.
9/7/2020,M-3/2020,MS-309,Piston (Part No: 82800),6,Nos.
9/7/2020,M-3/2020,MS-309,O Ring (Part No: 154002EN),8,Nos.
9/7/2020,M-3/2020,MS-309,O Ring (Part No: 154004),8,Nos.
9/7/2020,M-3/2020,MS-309,O Ring (Part No: 154005EN),8,Nos.
9/7/2020,M-3/2020,MS-309,O Ring (Part No: 154012EN),8,Nos.
9/7/2020,M-3/2020,MS-309,O Ring (Part No: 154015EN),8,Nos.
9/7/2020,M-3/2020,MS-309,O Ring (Part No: 170160EN),10,Nos.
9/7/2020,M-3/2020,MS-309,Spring (Part No: 173230EN),12,Nos.
9/7/2020,M-3/2020,MS-309,Shim (Part No: 400594),2,Nos.
9/7/2020,M-3/2020,MS-309,Split Pin (Part No: A-1577),36,Nos.
9/7/2020,M-3/2020,MS-309,Cutless Bearing (Part No: 2-13),1,No.
9/7/2020,M-3/2020,MS-309,Retainer (Part No: 1203-2),2,Sets
9/7/2020,M-3/2020,MS-309,Packing Gland (Part No: 38219-1),6,Sets
9/7/2020,M-3/2020,MS-309,Graphite Oil Joint (Part No: 44878-3),36,Sets
9/7/2020,M-3/2020,MS-309,O Ring (Part No: 154011EN),8,Nos.
9/7/2020,M-3/2020,MS-309,Adjusting Screw (Part No: 304708),2,Nos.
9/7/2020,M-3/2020,MS-309,Spool (Part No: 305151),2,Nos.
9/7/2020,M-3/2020,MS-309,O Ring (Part No: 401270),2,Nos.
9/7/2020,M-3/2020,MS-309,O Ring (Part No: 401275),4,Nos.
9/7/2020,M-3/2020,MS-309,O Ring (Part No: 402266),2,Nos.
9/7/2020,M-3/2020,MS-309,Gasket (Part No: 403714),4,Nos.
9/7/2020,M-3/2020,MS-309,Spring (Part No: 403715),2,Nos.
9/7/2020,M-3/2020,MS-309,Balance Disc (Part No: OA4751705),1,Nos.
9/7/2020,M-3/2020,MS-309,Float Operated Wire Level Transmitters,2,Nos.
9/7/2020,M-3/2020,MS-309,Washer Joint (Type: 90 ND9067),2,Nos.
9/7/2020,M-3/2020,MS-309,Ring Sealing,11,Nos.
9/7/2020,M-3/2020,MS-309,Ring Neck (Part No: 112121P),6,Nos.
9/7/2020,M-3/2020,MS-309,Bush Leak Off (Part No: 112130P),1,No.
9/7/2020,M-3/2020,MS-309,Insert Valve,9,Nos.
9/7/2020,M-3/2020,MS-309,Ring Distance (Part No: 31.29),1,No.
9/7/2020,M-3/2020,MS-309,Spring with Cups (Size: 25mm),1,No.
9/7/2020,M-3/2020,MS-309,Nozzle & Valve Disc (Size: 80mm),1,No.
9/7/2020,M-3/2020,MS-309,Seals Hatch  Lime Silo ,1,Set
9/7/2020,M-3/2020,MS-309,Aeration Pads (Part No: 401001),1,No.
9/7/2020,M-3/2020,MS-309,Filter Element Lime Bag Splitting,1,No.
9/7/2020,M-3/2020,MS-309,Grips Suspension Lime Bag Splitting,1,Set
9/7/2020,M-3/2020,MS-309,Seal Kit Lime Bag Splitting,1,No.
9/7/2020,M-3/2020,MS-309,Filter Element Lime Silo ,1,No.
9/7/2020,M-3/2020,MS-309,Grips Suspension Lime Silo ,1,Set
9/7/2020,M-3/2020,MS-309,Seal Kit Lime Silo ,1,No.
9/7/2020,M-3/2020,MS-309,Lift Cylinder Overhaul Kit Right Hand (Part No: 04651-21370-71),1,Set
9/7/2020,M-3/2020,MS-309,Lift Cylinder Overhaul Kit Left Hand (Part No: 04651-21360-71),1,Set
9/7/2020,M-3/2020,MS-309,Lift Cylinder Overhaul Kit (Part No: 04655-10030-71),2,Sets
9/7/2020,M-3/2020,MS-309,Reach Cylinder Overhaul Kit (Part No: 04656-10041-71),1,Set
9/7/2020,M-3/2020,MS-309,Oil Control Valve Overhaul Kit (Part No: 04676-10660-71),1,No.
9/7/2020,M-3/2020,MS-309,Filter Suction (Part No: 67501-12900-71),1,No.
9/7/2020,M-3/2020,MS-309,Filter Return (Part No: 67502-20540-71),1,No.
9/7/2020,M-3/2020,MS-309,Bearing Drive End with Assembly (Part No: T S P MSF40),1,Set
9/7/2020,M-3/2020,MS-310,Physics Equipment for Conduction in Solids Electrical,1,No.
9/7/2020,M-3/2020,MS-310,Physics Equipment for Measurement of Magnetic Field,1,No.
9/7/2020,M-3/2020,MS-310,Physics Equipment for Determination of Planck's Constant,1,No.
9/7/2020,M-3/2020,MS-310,Physics Equipment for Measurement of Effects of Electric Current ,1,No.
9/7/2020,M-3/2020,MS-310,Physics Equipment for Emission and Absorption Spectra,1,No.
9/7/2020,M-3/2020,MS-310,Physics Equipment for Measurement of Heat Capacities of Solids & Liquid,2,Nos.
9/7/2020,M-3/2020,MS-310,Physics Equipment for Measurement of Critical Temperature,1,No.
9/7/2020,M-3/2020,MS-310,Physics Equipment for Measurement of Thermal Properties of Different Gases,2,Nos.
9/7/2020,M-3/2020,MS-310,"Physics Equipment for Crystallization, #LH52240 ",1,No.
9/7/2020,M-3/2020,MS-310,"Physics Equipment for Measurement of Thermal Equation of State & Critical Point, Phywe Expt. 3.3 ",1,No.
9/7/2020,M-3/2020,MS-310,"Facsimile Machine, Thermal Paper, Brand: Panasonic, Model: UF-280M",1,No.
9/7/2020,M-3/2020,MS-311,Storage Area Network CX4-120 (2x2 Processor 6 GB),1,No.
9/7/2020,M-3/2020,MS-311,Host Bus Adapter (Single Fibre Channel),4,Nos.
9/7/2020,M-3/2020,MS-311,Fibre Channel Switch,2,Nos.
9/7/2020,M-3/2020,MS-311,PowerVault TL2000 (Brand: Dell ),5,Nos.
9/7/2020,M-3/2020,MS-311,Storageworks MSL 2024 (Brand: HP),1,No.
9/7/2020,M-3/2020,MS-311,37U Cabinet,14,Nos.
9/7/2020,M-3/2020,MS-311,"Cyberview 1U 17"" KVM, 8-ports",9,Nos.
,,,,,
,,,,,
,,,,,
,,,,,
,,,,,
,,,,,
,,,,,
,,,,,
,,,,,
,,,,,
,,,,,
,,,,,
,,,,,
,,,,,
,,,,,
,,,,,
,,,,,
,,,,,
,,,,,
,,,,,
,,,,,
,,,,,
,,,,,
,,,,,
,,,,,
